path,folder,filename,width,height,bytes,sha256,feature_tags,semantic_hint
ItemSell_TrangNgoc/ngoc1.PNG,ItemSell_TrangNgoc,ngoc1.PNG,26,16,1288,a21cd2fb4d313b8a56bf3114da0d90fae58576202201e8d21508273348f78850,inventory_sell,ngoc1
ItemSell_TrangNgoc/ngoc10.PNG,ItemSell_TrangNgoc,ngoc10.PNG,30,14,1399,dfb24822014624c9c2ce3a09b3cf5977c4a42122b40b66179a09e2361cdba4be,inventory_sell,ngoc10
ItemSell_TrangNgoc/ngoc11.PNG,ItemSell_TrangNgoc,ngoc11.PNG,29,14,1418,01766a1dc9bf45c4dbd5a4b2be5d0a6002ec982ee959e2cfe88c79b938abdeb5,inventory_sell,ngoc11
ItemSell_TrangNgoc/ngoc2.PNG,ItemSell_TrangNgoc,ngoc2.PNG,28,16,1331,e26e33cff2bb5f54f405b415a494118d3ae1f6c3b9e54b3712f2ccebf682cd38,inventory_sell,ngoc2
ItemSell_TrangNgoc/ngoc3.PNG,ItemSell_TrangNgoc,ngoc3.PNG,18,20,1155,d81d77c8e346da3d4fbdf3861a6f7f95253b0639447c9597c8dae19c78e5a377,inventory_sell,ngoc3
ItemSell_TrangNgoc/ngoc4.PNG,ItemSell_TrangNgoc,ngoc4.PNG,30,14,1474,9af69319749c3daeef9474175019781d75bf627e2d747bc31ed3547dc53df5c5,inventory_sell,ngoc4
ItemSell_TrangNgoc/ngoc5.PNG,ItemSell_TrangNgoc,ngoc5.PNG,31,15,1655,350ef3bab48e42258002cc96da3f8325abfb416a0e37d830117a3580b8f43373,inventory_sell,ngoc5
ItemSell_TrangNgoc/ngoc6.PNG,ItemSell_TrangNgoc,ngoc6.PNG,30,16,1555,6fb5e802587efa1d95b9e7afdae3db193915c7bbaf9f6abe72faf7ddeb3d59e3,inventory_sell,ngoc6
ItemSell_TrangNgoc/ngoc7.PNG,ItemSell_TrangNgoc,ngoc7.PNG,28,14,1220,77d1ae98f363ff3b18666163fea097f30a5fb948f50b9046d2dcc5f57f7a6e17,inventory_sell,ngoc7
ItemSell_TrangNgoc/ngoc8.PNG,ItemSell_TrangNgoc,ngoc8.PNG,29,15,1232,0c35c4032ceabc5db48237505c3a150ba573e08de8cc79cc430afa6e20a6a307,inventory_sell,ngoc8
ItemSell_TrangNgoc/ngoc9.PNG,ItemSell_TrangNgoc,ngoc9.PNG,28,15,1353,3c918bf63fbeb0e0dd0c81bf3ed467da9baab40823b2b1050a179920274d9112,inventory_sell,ngoc9
ItemSell_TrangVatPham/#U0111a1.PNG,ItemSell_TrangVatPham,#U0111a1.PNG,40,24,3360,4be72deb54ebf6f597d872e48963ce77319599cd41310f8a6a627e0723a7b105,inventory_sell,#U0111a1
"ItemSell_TrangVatPham/,m5.PNG",ItemSell_TrangVatPham,",m5.PNG",35,23,2679,cf42ff1fd60ee7bd8b3ec3a949e40c16bf5f2caabe33baeef64f35fc6fcc0372,inventory_sell,",m5"
ItemSell_TrangVatPham/1 - Copy.PNG,ItemSell_TrangVatPham,1 - Copy.PNG,37,19,2262,21ed05baca2c723e3926e331c9b6ccbf6a7763fc44dc27696983f5a964bca609,inventory_sell,1 - Copy
ItemSell_TrangVatPham/1.PNG,ItemSell_TrangVatPham,1.PNG,37,19,2262,21ed05baca2c723e3926e331c9b6ccbf6a7763fc44dc27696983f5a964bca609,inventory_sell,1
ItemSell_TrangVatPham/10 - Copy.PNG,ItemSell_TrangVatPham,10 - Copy.PNG,36,18,2243,4de7e12f0f57931893378fcf6d1284d742b7fc42bacf697ea8fbe9468ac68357,inventory_sell,10 - Copy
ItemSell_TrangVatPham/10.PNG,ItemSell_TrangVatPham,10.PNG,36,18,2243,4de7e12f0f57931893378fcf6d1284d742b7fc42bacf697ea8fbe9468ac68357,inventory_sell,10
ItemSell_TrangVatPham/100 - Copy.PNG,ItemSell_TrangVatPham,100 - Copy.PNG,36,22,2497,1d135f6cf9704ddf2b0fc5c06275128df043294c964bba0cd1c91dc25887d245,inventory_sell,100 - Copy
ItemSell_TrangVatPham/100.PNG,ItemSell_TrangVatPham,100.PNG,36,22,2497,1d135f6cf9704ddf2b0fc5c06275128df043294c964bba0cd1c91dc25887d245,inventory_sell,100
ItemSell_TrangVatPham/101 - Copy.PNG,ItemSell_TrangVatPham,101 - Copy.PNG,37,19,2436,f3be74d822c945d3a8a471de67dfefe0506cb6d6d69271bb810a1d6e58b9e7ff,inventory_sell,101 - Copy
ItemSell_TrangVatPham/101.PNG,ItemSell_TrangVatPham,101.PNG,37,19,2436,f3be74d822c945d3a8a471de67dfefe0506cb6d6d69271bb810a1d6e58b9e7ff,inventory_sell,101
ItemSell_TrangVatPham/102 - Copy.PNG,ItemSell_TrangVatPham,102 - Copy.PNG,36,22,2767,7e7a154db05876723e30bf1b509bbb38922922658ae4d736691a50f65b0aad28,inventory_sell,102 - Copy
ItemSell_TrangVatPham/102.PNG,ItemSell_TrangVatPham,102.PNG,36,22,2767,7e7a154db05876723e30bf1b509bbb38922922658ae4d736691a50f65b0aad28,inventory_sell,102
ItemSell_TrangVatPham/103 - Copy.PNG,ItemSell_TrangVatPham,103 - Copy.PNG,35,22,2142,9472932d71e8c308a009a5a2966017276a6bb356c42b540bc4cd5d5636d2cd9a,inventory_sell,103 - Copy
ItemSell_TrangVatPham/103.PNG,ItemSell_TrangVatPham,103.PNG,35,22,2142,9472932d71e8c308a009a5a2966017276a6bb356c42b540bc4cd5d5636d2cd9a,inventory_sell,103
ItemSell_TrangVatPham/104 - Copy.PNG,ItemSell_TrangVatPham,104 - Copy.PNG,40,16,2141,ccf92464d735a3268068f688b34fd71ce1c5345d56018acee361eced305b63f4,inventory_sell,104 - Copy
ItemSell_TrangVatPham/104.PNG,ItemSell_TrangVatPham,104.PNG,40,16,2141,ccf92464d735a3268068f688b34fd71ce1c5345d56018acee361eced305b63f4,inventory_sell,104
ItemSell_TrangVatPham/105 - Copy.PNG,ItemSell_TrangVatPham,105 - Copy.PNG,39,18,2167,769126f4cd9c2f5af84a8ae4f6fe46d842bbf363b3374d7c9cf28cff5ad81d1f,inventory_sell,105 - Copy
ItemSell_TrangVatPham/105.PNG,ItemSell_TrangVatPham,105.PNG,39,18,2167,769126f4cd9c2f5af84a8ae4f6fe46d842bbf363b3374d7c9cf28cff5ad81d1f,inventory_sell,105
ItemSell_TrangVatPham/106 - Copy.PNG,ItemSell_TrangVatPham,106 - Copy.PNG,36,18,2056,6f994f7228d111e0c2fdd1005f0c790c5c408ae308496c16cc6d70374375ee77,inventory_sell,106 - Copy
ItemSell_TrangVatPham/106.PNG,ItemSell_TrangVatPham,106.PNG,36,18,2056,6f994f7228d111e0c2fdd1005f0c790c5c408ae308496c16cc6d70374375ee77,inventory_sell,106
ItemSell_TrangVatPham/107 - Copy.PNG,ItemSell_TrangVatPham,107 - Copy.PNG,34,19,2106,14d9bfd69780aee2387f2decdb1f3ccd1692938c7da741add8573aad46a4b4f2,inventory_sell,107 - Copy
ItemSell_TrangVatPham/107.PNG,ItemSell_TrangVatPham,107.PNG,34,19,2106,14d9bfd69780aee2387f2decdb1f3ccd1692938c7da741add8573aad46a4b4f2,inventory_sell,107
ItemSell_TrangVatPham/108 - Copy.PNG,ItemSell_TrangVatPham,108 - Copy.PNG,35,19,2255,4f3ce70a9a1b3650e63b7f69b1d71fe9018277dab2bd0220a8cfeacf9f6277e6,inventory_sell,108 - Copy
ItemSell_TrangVatPham/108.PNG,ItemSell_TrangVatPham,108.PNG,35,19,2255,4f3ce70a9a1b3650e63b7f69b1d71fe9018277dab2bd0220a8cfeacf9f6277e6,inventory_sell,108
ItemSell_TrangVatPham/109 - Copy.PNG,ItemSell_TrangVatPham,109 - Copy.PNG,32,21,2115,3ef1aeaeea8aa27e35f623cef88e7af71238d35860da6df5288e1c8515c06ad4,inventory_sell,109 - Copy
ItemSell_TrangVatPham/109.PNG,ItemSell_TrangVatPham,109.PNG,32,21,2115,3ef1aeaeea8aa27e35f623cef88e7af71238d35860da6df5288e1c8515c06ad4,inventory_sell,109
ItemSell_TrangVatPham/11 - Copy.PNG,ItemSell_TrangVatPham,11 - Copy.PNG,34,16,1718,0245ea82ce4383b9a9cfc283979a963e8d0e2967f96a855e3d7e2f3a16ad970a,inventory_sell,11 - Copy
ItemSell_TrangVatPham/11.PNG,ItemSell_TrangVatPham,11.PNG,34,16,1718,0245ea82ce4383b9a9cfc283979a963e8d0e2967f96a855e3d7e2f3a16ad970a,inventory_sell,11
ItemSell_TrangVatPham/110 - Copy.PNG,ItemSell_TrangVatPham,110 - Copy.PNG,37,20,2447,848864ca457dd7b756705691ed480b934091557aa50945b20ad0448346b643ab,inventory_sell,110 - Copy
ItemSell_TrangVatPham/110.PNG,ItemSell_TrangVatPham,110.PNG,37,20,2447,848864ca457dd7b756705691ed480b934091557aa50945b20ad0448346b643ab,inventory_sell,110
ItemSell_TrangVatPham/111 - Copy.PNG,ItemSell_TrangVatPham,111 - Copy.PNG,37,20,2470,e42b8b270bd679ac967d6bf367d1157b26c4371c8f84c5b551a0c7cda73808a1,inventory_sell,111 - Copy
ItemSell_TrangVatPham/111.PNG,ItemSell_TrangVatPham,111.PNG,37,20,2470,e42b8b270bd679ac967d6bf367d1157b26c4371c8f84c5b551a0c7cda73808a1,inventory_sell,111
ItemSell_TrangVatPham/112 - Copy.PNG,ItemSell_TrangVatPham,112 - Copy.PNG,37,21,2524,74c415992f1bee66c40be154e4aeec179352b658dc094f3edec8d8234344bef9,inventory_sell,112 - Copy
ItemSell_TrangVatPham/112.PNG,ItemSell_TrangVatPham,112.PNG,37,21,2524,74c415992f1bee66c40be154e4aeec179352b658dc094f3edec8d8234344bef9,inventory_sell,112
ItemSell_TrangVatPham/113 - Copy.PNG,ItemSell_TrangVatPham,113 - Copy.PNG,35,18,2003,5610128804f898d73cfacc2e003981e323d0d992270bd4998159559e624f522e,inventory_sell,113 - Copy
ItemSell_TrangVatPham/113.PNG,ItemSell_TrangVatPham,113.PNG,35,18,2003,5610128804f898d73cfacc2e003981e323d0d992270bd4998159559e624f522e,inventory_sell,113
ItemSell_TrangVatPham/114 - Copy.PNG,ItemSell_TrangVatPham,114 - Copy.PNG,35,19,2282,9007ddde39db43ab14693d0309172692ec38ab29549575fa8201810fd14f84b9,inventory_sell,114 - Copy
ItemSell_TrangVatPham/114.PNG,ItemSell_TrangVatPham,114.PNG,35,19,2282,9007ddde39db43ab14693d0309172692ec38ab29549575fa8201810fd14f84b9,inventory_sell,114
ItemSell_TrangVatPham/115 - Copy.PNG,ItemSell_TrangVatPham,115 - Copy.PNG,37,20,2617,3915a241d1d74aece6b55746ddf02e6f06328cb33e5aefd59b493afdd035c41d,inventory_sell,115 - Copy
ItemSell_TrangVatPham/115.PNG,ItemSell_TrangVatPham,115.PNG,37,20,2617,3915a241d1d74aece6b55746ddf02e6f06328cb33e5aefd59b493afdd035c41d,inventory_sell,115
ItemSell_TrangVatPham/116 - Copy.PNG,ItemSell_TrangVatPham,116 - Copy.PNG,34,20,2289,ce85dc5e186efd8467cf23711c2f29c468c98aad9edf5cd096e8336d79a6c95e,inventory_sell,116 - Copy
ItemSell_TrangVatPham/116.PNG,ItemSell_TrangVatPham,116.PNG,34,20,2289,ce85dc5e186efd8467cf23711c2f29c468c98aad9edf5cd096e8336d79a6c95e,inventory_sell,116
ItemSell_TrangVatPham/117 - Copy.PNG,ItemSell_TrangVatPham,117 - Copy.PNG,35,16,1921,5834e6ba2f347a938a4fbd78713252108ea6271136d6a15f1d00a8ca90598d99,inventory_sell,117 - Copy
ItemSell_TrangVatPham/117.PNG,ItemSell_TrangVatPham,117.PNG,35,16,1921,5834e6ba2f347a938a4fbd78713252108ea6271136d6a15f1d00a8ca90598d99,inventory_sell,117
ItemSell_TrangVatPham/118 - Copy.PNG,ItemSell_TrangVatPham,118 - Copy.PNG,36,20,2513,e138d0467c9b6855c80c17010e58f13556c51fc6a83013df10dd610154026ee4,inventory_sell,118 - Copy
ItemSell_TrangVatPham/118.PNG,ItemSell_TrangVatPham,118.PNG,36,20,2513,e138d0467c9b6855c80c17010e58f13556c51fc6a83013df10dd610154026ee4,inventory_sell,118
ItemSell_TrangVatPham/119 - Copy.PNG,ItemSell_TrangVatPham,119 - Copy.PNG,35,20,2232,66681922a3c0641853311fd173d40341fcb1b876bac7a6803238644a6fb46752,inventory_sell,119 - Copy
ItemSell_TrangVatPham/119.PNG,ItemSell_TrangVatPham,119.PNG,35,20,2232,66681922a3c0641853311fd173d40341fcb1b876bac7a6803238644a6fb46752,inventory_sell,119
ItemSell_TrangVatPham/12 - Copy.PNG,ItemSell_TrangVatPham,12 - Copy.PNG,33,15,1820,599aa5d3160f228e0d0b13d7edd187ab338c4cafa1ab917ee3e825aac27e1c15,inventory_sell,12 - Copy
ItemSell_TrangVatPham/12.PNG,ItemSell_TrangVatPham,12.PNG,33,15,1820,599aa5d3160f228e0d0b13d7edd187ab338c4cafa1ab917ee3e825aac27e1c15,inventory_sell,12
ItemSell_TrangVatPham/120 - Copy.PNG,ItemSell_TrangVatPham,120 - Copy.PNG,37,22,2722,fc4e4bd106f529c796059fb9dea0f4f087eaf5069b0ea5cc1a43ef77a3424986,inventory_sell,120 - Copy
ItemSell_TrangVatPham/120.PNG,ItemSell_TrangVatPham,120.PNG,37,22,2722,fc4e4bd106f529c796059fb9dea0f4f087eaf5069b0ea5cc1a43ef77a3424986,inventory_sell,120
ItemSell_TrangVatPham/121.PNG,ItemSell_TrangVatPham,121.PNG,39,19,2562,2941cd3adeb1526cac058adaa9a189aa92371b16a00309660730e353389fb71e,inventory_sell,121
ItemSell_TrangVatPham/122.PNG,ItemSell_TrangVatPham,122.PNG,39,19,2062,66b5e6c6c7fc0918be4ae33d92759157f4ae50a78062e97780f83dbb6ce1684d,inventory_sell,122
ItemSell_TrangVatPham/123.PNG,ItemSell_TrangVatPham,123.PNG,36,23,2703,5015081c133213e119384944069eaa494b8b28bf0596d518fa0473d7a51f5263,inventory_sell,123
ItemSell_TrangVatPham/124.PNG,ItemSell_TrangVatPham,124.PNG,37,20,2400,015a9b977544f120804df78315ebb713e27778f9076f742d15d4d13bf64873b1,inventory_sell,124
ItemSell_TrangVatPham/125.PNG,ItemSell_TrangVatPham,125.PNG,40,23,2826,e6091ffcaadf9e1c406f44dfee827d4208f2d1ac653b3fed8faa001d8b5303d5,inventory_sell,125
ItemSell_TrangVatPham/126.PNG,ItemSell_TrangVatPham,126.PNG,36,21,2391,05fc05a2af5c85cfda40eb34625d132048cea49afd561a1fb214b2fda50b415a,inventory_sell,126
ItemSell_TrangVatPham/127.PNG,ItemSell_TrangVatPham,127.PNG,38,19,2263,055eaee9576eb88d2d013d944d73944259d22be185bec6f0dd689b63c3e4f82e,inventory_sell,127
ItemSell_TrangVatPham/128.PNG,ItemSell_TrangVatPham,128.PNG,38,24,2949,a7be81e407742ee1e4de753ddad41b366e1d518a9d0d45b619a43e6022df0894,inventory_sell,128
ItemSell_TrangVatPham/129.PNG,ItemSell_TrangVatPham,129.PNG,39,24,2919,05b203a5adce169689313c69b6255c20d790df9a19a5f41f766dfce52d61d802,inventory_sell,129
ItemSell_TrangVatPham/13 - Copy.PNG,ItemSell_TrangVatPham,13 - Copy.PNG,35,17,1913,7692f64f17189b989251610b2e89493517b87c9dc113b34c7710aafc4fca4fcf,inventory_sell,13 - Copy
ItemSell_TrangVatPham/13.PNG,ItemSell_TrangVatPham,13.PNG,35,17,1913,7692f64f17189b989251610b2e89493517b87c9dc113b34c7710aafc4fca4fcf,inventory_sell,13
ItemSell_TrangVatPham/130.PNG,ItemSell_TrangVatPham,130.PNG,37,19,2291,d767ea6a2d7de782aea6387b3b05c43ba7a0b2690e37950961bc5ac1166963f0,inventory_sell,130
ItemSell_TrangVatPham/131.PNG,ItemSell_TrangVatPham,131.PNG,36,20,2476,cd47a5a0ffb823aba0e75a5ea6dd401f25bfcfe77891dd963ce6d15d547b9bf8,inventory_sell,131
ItemSell_TrangVatPham/132.PNG,ItemSell_TrangVatPham,132.PNG,38,20,2479,12476f891eb4d39b4c031624584de96369d1694e33a449aea909a684771e00fe,inventory_sell,132
ItemSell_TrangVatPham/133.PNG,ItemSell_TrangVatPham,133.PNG,36,22,2482,320a397b3b943a0e0685b5271c350a9da7c60d9fb5e88f4f8bc2e7dcb09f670d,inventory_sell,133
ItemSell_TrangVatPham/14 - Copy.PNG,ItemSell_TrangVatPham,14 - Copy.PNG,36,14,1575,798e6c425875c68be0ca73b6b6ee1d55c6c2dc793bfd83c5bcb48cbd4137dcb9,inventory_sell,14 - Copy
ItemSell_TrangVatPham/14.PNG,ItemSell_TrangVatPham,14.PNG,36,14,1575,798e6c425875c68be0ca73b6b6ee1d55c6c2dc793bfd83c5bcb48cbd4137dcb9,inventory_sell,14
ItemSell_TrangVatPham/15 - Copy.PNG,ItemSell_TrangVatPham,15 - Copy.PNG,35,16,1960,ac19ae9d779e228d49f777b448838bf735117a711a0013e45a04970e8f327ddf,inventory_sell,15 - Copy
ItemSell_TrangVatPham/15.PNG,ItemSell_TrangVatPham,15.PNG,35,16,1960,ac19ae9d779e228d49f777b448838bf735117a711a0013e45a04970e8f327ddf,inventory_sell,15
ItemSell_TrangVatPham/16 - Copy.PNG,ItemSell_TrangVatPham,16 - Copy.PNG,31,14,1538,0c3eae57add6d3310e94bfc6160038535c1d2f5535c8f535a5e6a2e1938342a6,inventory_sell,16 - Copy
ItemSell_TrangVatPham/16.PNG,ItemSell_TrangVatPham,16.PNG,31,14,1538,0c3eae57add6d3310e94bfc6160038535c1d2f5535c8f535a5e6a2e1938342a6,inventory_sell,16
ItemSell_TrangVatPham/17 - Copy.PNG,ItemSell_TrangVatPham,17 - Copy.PNG,37,17,1992,665ce7e0a6d85eb56957556553ee99da3e53a607ebb76f8f31d06083358db3b0,inventory_sell,17 - Copy
ItemSell_TrangVatPham/17.PNG,ItemSell_TrangVatPham,17.PNG,37,17,1992,665ce7e0a6d85eb56957556553ee99da3e53a607ebb76f8f31d06083358db3b0,inventory_sell,17
ItemSell_TrangVatPham/18 - Copy.PNG,ItemSell_TrangVatPham,18 - Copy.PNG,35,15,1794,904ce7b796f8790e22fa8e8cd163db54b5cc2e441d27e16f117f05f1c939ee63,inventory_sell,18 - Copy
ItemSell_TrangVatPham/18.PNG,ItemSell_TrangVatPham,18.PNG,35,15,1794,904ce7b796f8790e22fa8e8cd163db54b5cc2e441d27e16f117f05f1c939ee63,inventory_sell,18
ItemSell_TrangVatPham/19 - Copy.PNG,ItemSell_TrangVatPham,19 - Copy.PNG,24,35,2855,6d0acd3a21f6064feb215a0b8cbcb8771062c282bfc5d1125e36ccead6ced7c4,inventory_sell,19 - Copy
ItemSell_TrangVatPham/19.PNG,ItemSell_TrangVatPham,19.PNG,24,35,2855,6d0acd3a21f6064feb215a0b8cbcb8771062c282bfc5d1125e36ccead6ced7c4,inventory_sell,19
ItemSell_TrangVatPham/1q1q1q.PNG,ItemSell_TrangVatPham,1q1q1q.PNG,141,67,20841,0a9469187de661af732f9ab174be6018a6679f7cba3d7dd5c96e63cc0246fd91,inventory_sell,1q1q1q
ItemSell_TrangVatPham/1q2qe1q.PNG,ItemSell_TrangVatPham,1q2qe1q.PNG,130,70,23482,15c991355326098f76ab990ffbff7e61cefec5919f03d5624c46fc02dd26044d,inventory_sell,1q2qe1q
ItemSell_TrangVatPham/2 - Copy.PNG,ItemSell_TrangVatPham,2 - Copy.PNG,37,16,2066,b0bd363a55d37b096dd7274a578c9319a9a6fa00bb71d1f6e1b9328f853e70c4,inventory_sell,2 - Copy
ItemSell_TrangVatPham/2.PNG,ItemSell_TrangVatPham,2.PNG,37,16,2066,b0bd363a55d37b096dd7274a578c9319a9a6fa00bb71d1f6e1b9328f853e70c4,inventory_sell,2
ItemSell_TrangVatPham/20 - Copy.PNG,ItemSell_TrangVatPham,20 - Copy.PNG,23,37,2736,f36891eeba55938bcf84c7c9aa2b7b7add53e83f957badea9078ec0627ad42e2,inventory_sell,20 - Copy
ItemSell_TrangVatPham/20.PNG,ItemSell_TrangVatPham,20.PNG,23,37,2736,f36891eeba55938bcf84c7c9aa2b7b7add53e83f957badea9078ec0627ad42e2,inventory_sell,20
ItemSell_TrangVatPham/21 - Copy.PNG,ItemSell_TrangVatPham,21 - Copy.PNG,23,32,2349,c06e9e1deae7088a2b235b8719ebf32f058477720604a9da398424866406013e,inventory_sell,21 - Copy
ItemSell_TrangVatPham/21.PNG,ItemSell_TrangVatPham,21.PNG,23,32,2349,c06e9e1deae7088a2b235b8719ebf32f058477720604a9da398424866406013e,inventory_sell,21
ItemSell_TrangVatPham/22 - Copy.PNG,ItemSell_TrangVatPham,22 - Copy.PNG,34,18,2032,e56b3dcd3b99ef47c9fc7c324e03b091ed6bc7a2e5e96bbe3ed2edc0cc9ba6d7,inventory_sell,22 - Copy
ItemSell_TrangVatPham/22.PNG,ItemSell_TrangVatPham,22.PNG,34,18,2032,e56b3dcd3b99ef47c9fc7c324e03b091ed6bc7a2e5e96bbe3ed2edc0cc9ba6d7,inventory_sell,22
ItemSell_TrangVatPham/23 - Copy.PNG,ItemSell_TrangVatPham,23 - Copy.PNG,36,21,2535,8b3fe3f4c515eba3efbd1d9b6419f7dc44ec47722fb1aa19046786c09430e3ae,inventory_sell,23 - Copy
ItemSell_TrangVatPham/23.PNG,ItemSell_TrangVatPham,23.PNG,36,21,2535,8b3fe3f4c515eba3efbd1d9b6419f7dc44ec47722fb1aa19046786c09430e3ae,inventory_sell,23
ItemSell_TrangVatPham/24 - Copy.PNG,ItemSell_TrangVatPham,24 - Copy.PNG,35,21,2501,921f5dcfc35f02cf9ea5d36494dfb1c912ed13233cc761318918e3b4f324a185,inventory_sell,24 - Copy
ItemSell_TrangVatPham/24.PNG,ItemSell_TrangVatPham,24.PNG,35,21,2501,921f5dcfc35f02cf9ea5d36494dfb1c912ed13233cc761318918e3b4f324a185,inventory_sell,24
ItemSell_TrangVatPham/25 - Copy.PNG,ItemSell_TrangVatPham,25 - Copy.PNG,38,17,2267,109d29c1712a8af09c47c4832d3186d6757a613760a7c58591d59f5f654bf572,inventory_sell,25 - Copy
ItemSell_TrangVatPham/25.PNG,ItemSell_TrangVatPham,25.PNG,38,17,2267,109d29c1712a8af09c47c4832d3186d6757a613760a7c58591d59f5f654bf572,inventory_sell,25
ItemSell_TrangVatPham/26 - Copy.PNG,ItemSell_TrangVatPham,26 - Copy.PNG,35,19,1974,38372048355002a11470be651fbca5cac3900955d95d38c09f1b6d17c626dcfa,inventory_sell,26 - Copy
ItemSell_TrangVatPham/26.PNG,ItemSell_TrangVatPham,26.PNG,35,19,1974,38372048355002a11470be651fbca5cac3900955d95d38c09f1b6d17c626dcfa,inventory_sell,26
ItemSell_TrangVatPham/27 - Copy.PNG,ItemSell_TrangVatPham,27 - Copy.PNG,38,17,2310,5b14a28f38c4b7b2912a85aedc966935bc64361e21921d6ad99d14b9043ca2c0,inventory_sell,27 - Copy
ItemSell_TrangVatPham/27.PNG,ItemSell_TrangVatPham,27.PNG,38,17,2310,5b14a28f38c4b7b2912a85aedc966935bc64361e21921d6ad99d14b9043ca2c0,inventory_sell,27
ItemSell_TrangVatPham/28 - Copy.PNG,ItemSell_TrangVatPham,28 - Copy.PNG,34,17,1915,c480be3e2c3ad195e6253f19c2216bd2f155d647aabed1a9cc565718ffe08d31,inventory_sell,28 - Copy
ItemSell_TrangVatPham/28.PNG,ItemSell_TrangVatPham,28.PNG,34,17,1915,c480be3e2c3ad195e6253f19c2216bd2f155d647aabed1a9cc565718ffe08d31,inventory_sell,28
ItemSell_TrangVatPham/29 - Copy.PNG,ItemSell_TrangVatPham,29 - Copy.PNG,33,19,2222,ab0e18fcc0a996b3a40df23a1793ef3388ee04ab891cc7966b610807e84049e2,inventory_sell,29 - Copy
ItemSell_TrangVatPham/29.PNG,ItemSell_TrangVatPham,29.PNG,33,19,2222,ab0e18fcc0a996b3a40df23a1793ef3388ee04ab891cc7966b610807e84049e2,inventory_sell,29
ItemSell_TrangVatPham/3 - Copy.PNG,ItemSell_TrangVatPham,3 - Copy.PNG,37,21,2432,83af9fad9adae298e7165d395bd28fbb02c4fc00e2852edf43b73ea2f0cc32ab,inventory_sell,3 - Copy
ItemSell_TrangVatPham/3.PNG,ItemSell_TrangVatPham,3.PNG,37,21,2432,83af9fad9adae298e7165d395bd28fbb02c4fc00e2852edf43b73ea2f0cc32ab,inventory_sell,3
ItemSell_TrangVatPham/30 - Copy.PNG,ItemSell_TrangVatPham,30 - Copy.PNG,37,15,1689,13f03ec5d2389a1c2525d0274a11787ae34f7212da625b54d8d8e0644d282b00,inventory_sell,30 - Copy
ItemSell_TrangVatPham/30.PNG,ItemSell_TrangVatPham,30.PNG,37,15,1689,13f03ec5d2389a1c2525d0274a11787ae34f7212da625b54d8d8e0644d282b00,inventory_sell,30
ItemSell_TrangVatPham/31 - Copy.PNG,ItemSell_TrangVatPham,31 - Copy.PNG,35,18,2104,38aef6e7ca8b18e33d10045e2effb5b9b684269ad7e8fb61dcd4cab967c8b87f,inventory_sell,31 - Copy
ItemSell_TrangVatPham/31.PNG,ItemSell_TrangVatPham,31.PNG,35,18,2104,38aef6e7ca8b18e33d10045e2effb5b9b684269ad7e8fb61dcd4cab967c8b87f,inventory_sell,31
ItemSell_TrangVatPham/32 - Copy.PNG,ItemSell_TrangVatPham,32 - Copy.PNG,33,16,1876,316d12328d6e2ae2e5716920e979e215ae455533289b13ce8f15f2f8ae269820,inventory_sell,32 - Copy
ItemSell_TrangVatPham/32.PNG,ItemSell_TrangVatPham,32.PNG,33,16,1876,316d12328d6e2ae2e5716920e979e215ae455533289b13ce8f15f2f8ae269820,inventory_sell,32
ItemSell_TrangVatPham/33 - Copy.PNG,ItemSell_TrangVatPham,33 - Copy.PNG,37,20,2424,d5b38a5d0709078a909c69b9010c7cad113d380c2e1522209d39884d8a065817,inventory_sell,33 - Copy
ItemSell_TrangVatPham/33.PNG,ItemSell_TrangVatPham,33.PNG,37,20,2424,d5b38a5d0709078a909c69b9010c7cad113d380c2e1522209d39884d8a065817,inventory_sell,33
ItemSell_TrangVatPham/34 - Copy.PNG,ItemSell_TrangVatPham,34 - Copy.PNG,36,20,2404,d707b2019047921fcf1cacd67dac9fdddafb6db5b1d65bfafd6e7fdc8e9e50d0,inventory_sell,34 - Copy
ItemSell_TrangVatPham/34.PNG,ItemSell_TrangVatPham,34.PNG,36,20,2404,d707b2019047921fcf1cacd67dac9fdddafb6db5b1d65bfafd6e7fdc8e9e50d0,inventory_sell,34
ItemSell_TrangVatPham/35 - Copy.PNG,ItemSell_TrangVatPham,35 - Copy.PNG,34,17,2062,f9181c2ce51a0afe3b9b961f21bc95ffcb707e9b3e79c69ca594114dfeb0ec8c,inventory_sell,35 - Copy
ItemSell_TrangVatPham/35.PNG,ItemSell_TrangVatPham,35.PNG,34,17,2062,f9181c2ce51a0afe3b9b961f21bc95ffcb707e9b3e79c69ca594114dfeb0ec8c,inventory_sell,35
ItemSell_TrangVatPham/36 - Copy.PNG,ItemSell_TrangVatPham,36 - Copy.PNG,36,21,2444,fc5fbef67c6a870ea51f8d497433e198c4418c73e6b115d3c943631e13f07ab2,inventory_sell,36 - Copy
ItemSell_TrangVatPham/36.PNG,ItemSell_TrangVatPham,36.PNG,36,21,2444,fc5fbef67c6a870ea51f8d497433e198c4418c73e6b115d3c943631e13f07ab2,inventory_sell,36
ItemSell_TrangVatPham/37 - Copy.PNG,ItemSell_TrangVatPham,37 - Copy.PNG,36,19,2199,fffb86d6c390d899c31dfea2bfe1a1029a342e1c034e281e29f6eb4cb5f6ae67,inventory_sell,37 - Copy
ItemSell_TrangVatPham/37.PNG,ItemSell_TrangVatPham,37.PNG,36,19,2199,fffb86d6c390d899c31dfea2bfe1a1029a342e1c034e281e29f6eb4cb5f6ae67,inventory_sell,37
ItemSell_TrangVatPham/38 - Copy.PNG,ItemSell_TrangVatPham,38 - Copy.PNG,35,22,2480,417c6ca50e60d229abfd17f66c661b5baa257d032b036a5b7045bb20e3e74c01,inventory_sell,38 - Copy
ItemSell_TrangVatPham/38.PNG,ItemSell_TrangVatPham,38.PNG,35,22,2480,417c6ca50e60d229abfd17f66c661b5baa257d032b036a5b7045bb20e3e74c01,inventory_sell,38
ItemSell_TrangVatPham/39 - Copy.PNG,ItemSell_TrangVatPham,39 - Copy.PNG,35,21,2396,8d07db673f47adc18600d973934a65c3cdd485d901b8f41d6efd22067dfb9715,inventory_sell,39 - Copy
ItemSell_TrangVatPham/39.PNG,ItemSell_TrangVatPham,39.PNG,35,21,2396,8d07db673f47adc18600d973934a65c3cdd485d901b8f41d6efd22067dfb9715,inventory_sell,39
ItemSell_TrangVatPham/4 - Copy.PNG,ItemSell_TrangVatPham,4 - Copy.PNG,34,16,1303,8ceecdb425a52da649e863b859610c199b2a2a2f40827afd6855c3abf8b7db75,inventory_sell,4 - Copy
ItemSell_TrangVatPham/4.PNG,ItemSell_TrangVatPham,4.PNG,34,16,1303,8ceecdb425a52da649e863b859610c199b2a2a2f40827afd6855c3abf8b7db75,inventory_sell,4
ItemSell_TrangVatPham/40 - Copy.PNG,ItemSell_TrangVatPham,40 - Copy.PNG,32,18,1977,495671bab7bd15d87b35970f3ea5e14ba33dcac87321b96e5f6bb94fb1f008e6,inventory_sell,40 - Copy
ItemSell_TrangVatPham/40.PNG,ItemSell_TrangVatPham,40.PNG,32,18,1977,495671bab7bd15d87b35970f3ea5e14ba33dcac87321b96e5f6bb94fb1f008e6,inventory_sell,40
ItemSell_TrangVatPham/41 - Copy.PNG,ItemSell_TrangVatPham,41 - Copy.PNG,33,22,2354,80b73c01404a8c276107fee933703648d6938aa39b4002fe12ebc7a9533525fb,inventory_sell,41 - Copy
ItemSell_TrangVatPham/41.PNG,ItemSell_TrangVatPham,41.PNG,33,22,2354,80b73c01404a8c276107fee933703648d6938aa39b4002fe12ebc7a9533525fb,inventory_sell,41
ItemSell_TrangVatPham/42 - Copy.PNG,ItemSell_TrangVatPham,42 - Copy.PNG,37,23,2797,c985cc00b64a0c7de5f06faeab4ffa0cabafb5f5ed1be963f826c8563d01e0d4,inventory_sell,42 - Copy
ItemSell_TrangVatPham/42.PNG,ItemSell_TrangVatPham,42.PNG,37,23,2797,c985cc00b64a0c7de5f06faeab4ffa0cabafb5f5ed1be963f826c8563d01e0d4,inventory_sell,42
ItemSell_TrangVatPham/43 - Copy.PNG,ItemSell_TrangVatPham,43 - Copy.PNG,37,22,2779,0bf8ac261b56ad2489eb202c59fb30120c9ce22fe5deede9c557d635a25a1cd4,inventory_sell,43 - Copy
ItemSell_TrangVatPham/43.PNG,ItemSell_TrangVatPham,43.PNG,37,22,2779,0bf8ac261b56ad2489eb202c59fb30120c9ce22fe5deede9c557d635a25a1cd4,inventory_sell,43
ItemSell_TrangVatPham/44 - Copy.PNG,ItemSell_TrangVatPham,44 - Copy.PNG,38,18,2218,8c7da4358957a5d95e4d742a51534b91b25a0557fe20db46f8acd5f45d7260ba,inventory_sell,44 - Copy
ItemSell_TrangVatPham/44.PNG,ItemSell_TrangVatPham,44.PNG,38,18,2218,8c7da4358957a5d95e4d742a51534b91b25a0557fe20db46f8acd5f45d7260ba,inventory_sell,44
ItemSell_TrangVatPham/45 - Copy.PNG,ItemSell_TrangVatPham,45 - Copy.PNG,40,26,3296,4d87f17db5edc9182081d4d7f4eceffbf7e7bb8369c6a5118e24f758bfa584a1,inventory_sell,45 - Copy
ItemSell_TrangVatPham/45.PNG,ItemSell_TrangVatPham,45.PNG,40,26,3296,4d87f17db5edc9182081d4d7f4eceffbf7e7bb8369c6a5118e24f758bfa584a1,inventory_sell,45
ItemSell_TrangVatPham/46 - Copy.PNG,ItemSell_TrangVatPham,46 - Copy.PNG,36,22,2518,4d7040dbb228f7b5222abb1a754cc2dc2cf5da43691b0d0e7fcc33b29072ad8d,inventory_sell,46 - Copy
ItemSell_TrangVatPham/46.PNG,ItemSell_TrangVatPham,46.PNG,36,22,2518,4d7040dbb228f7b5222abb1a754cc2dc2cf5da43691b0d0e7fcc33b29072ad8d,inventory_sell,46
ItemSell_TrangVatPham/47 - Copy.PNG,ItemSell_TrangVatPham,47 - Copy.PNG,33,17,1894,45175cc5ad121247d4074dc8f05877c47b59c04280f697e0dbbcd5d42067a5a2,inventory_sell,47 - Copy
ItemSell_TrangVatPham/47.PNG,ItemSell_TrangVatPham,47.PNG,33,17,1894,45175cc5ad121247d4074dc8f05877c47b59c04280f697e0dbbcd5d42067a5a2,inventory_sell,47
ItemSell_TrangVatPham/48 - Copy.PNG,ItemSell_TrangVatPham,48 - Copy.PNG,36,23,2892,0dafce563108de395d623349b80f67753559f4b29825e4a9c0f49747d9aee13c,inventory_sell,48 - Copy
ItemSell_TrangVatPham/48.PNG,ItemSell_TrangVatPham,48.PNG,36,23,2892,0dafce563108de395d623349b80f67753559f4b29825e4a9c0f49747d9aee13c,inventory_sell,48
ItemSell_TrangVatPham/49 - Copy.PNG,ItemSell_TrangVatPham,49 - Copy.PNG,38,22,2776,0f43238700d50a44d2f5a934360f7012509ea7526427be2187ad867d2f851e56,inventory_sell,49 - Copy
ItemSell_TrangVatPham/49.PNG,ItemSell_TrangVatPham,49.PNG,38,22,2776,0f43238700d50a44d2f5a934360f7012509ea7526427be2187ad867d2f851e56,inventory_sell,49
ItemSell_TrangVatPham/5 - Copy.PNG,ItemSell_TrangVatPham,5 - Copy.PNG,32,17,1941,a1fb8b4389880b38a5b06c0c79c1d18e2331cb3e20f95ea052b91ba96a600e9b,inventory_sell,5 - Copy
ItemSell_TrangVatPham/5.PNG,ItemSell_TrangVatPham,5.PNG,32,17,1941,a1fb8b4389880b38a5b06c0c79c1d18e2331cb3e20f95ea052b91ba96a600e9b,inventory_sell,5
ItemSell_TrangVatPham/50 - Copy.PNG,ItemSell_TrangVatPham,50 - Copy.PNG,37,23,2834,30a39f62a5cd1e5bf4a01a7efdb82ca42d965242a52a49ea9d4e0e6c9ef98f4f,inventory_sell,50 - Copy
ItemSell_TrangVatPham/50.PNG,ItemSell_TrangVatPham,50.PNG,37,23,2834,30a39f62a5cd1e5bf4a01a7efdb82ca42d965242a52a49ea9d4e0e6c9ef98f4f,inventory_sell,50
ItemSell_TrangVatPham/51 - Copy.PNG,ItemSell_TrangVatPham,51 - Copy.PNG,37,23,2748,0a024d2088afedc945be15a1cb601b9dad7256dea78e0b542d3d01fbc8b92d41,inventory_sell,51 - Copy
ItemSell_TrangVatPham/51.PNG,ItemSell_TrangVatPham,51.PNG,37,23,2748,0a024d2088afedc945be15a1cb601b9dad7256dea78e0b542d3d01fbc8b92d41,inventory_sell,51
ItemSell_TrangVatPham/52 - Copy.PNG,ItemSell_TrangVatPham,52 - Copy.PNG,39,23,2857,9a42ecc0931c12b91d625eca3d174692b3e434ce7de5b0f5eaa687fcb4e9f542,inventory_sell,52 - Copy
ItemSell_TrangVatPham/52.PNG,ItemSell_TrangVatPham,52.PNG,39,23,2857,9a42ecc0931c12b91d625eca3d174692b3e434ce7de5b0f5eaa687fcb4e9f542,inventory_sell,52
ItemSell_TrangVatPham/53 - Copy.PNG,ItemSell_TrangVatPham,53 - Copy.PNG,36,20,2468,bf3b6424ad74c3ac497783a7bde6c78609cd04e5b489e0ad5fe2efec17309330,inventory_sell,53 - Copy
ItemSell_TrangVatPham/53.PNG,ItemSell_TrangVatPham,53.PNG,36,20,2468,bf3b6424ad74c3ac497783a7bde6c78609cd04e5b489e0ad5fe2efec17309330,inventory_sell,53
ItemSell_TrangVatPham/54 - Copy.PNG,ItemSell_TrangVatPham,54 - Copy.PNG,37,22,2666,f933070e4f43a03646d2f6d63a484549c8cd431fccd141883bc31de0d3aa2e26,inventory_sell,54 - Copy
ItemSell_TrangVatPham/54.PNG,ItemSell_TrangVatPham,54.PNG,37,22,2666,f933070e4f43a03646d2f6d63a484549c8cd431fccd141883bc31de0d3aa2e26,inventory_sell,54
ItemSell_TrangVatPham/55 - Copy.PNG,ItemSell_TrangVatPham,55 - Copy.PNG,36,20,2490,6aae848f187f4890d2ddf5fd7ab575c530e84cd02bc309b0752cee68990efcb9,inventory_sell,55 - Copy
ItemSell_TrangVatPham/55.PNG,ItemSell_TrangVatPham,55.PNG,36,20,2490,6aae848f187f4890d2ddf5fd7ab575c530e84cd02bc309b0752cee68990efcb9,inventory_sell,55
ItemSell_TrangVatPham/56 - Copy.PNG,ItemSell_TrangVatPham,56 - Copy.PNG,36,22,2737,80d16766f96770d8263d4080a2beeeb2b3e9404dc76412e5ddc5d4bb46b22f2f,inventory_sell,56 - Copy
ItemSell_TrangVatPham/56.PNG,ItemSell_TrangVatPham,56.PNG,36,22,2737,80d16766f96770d8263d4080a2beeeb2b3e9404dc76412e5ddc5d4bb46b22f2f,inventory_sell,56
ItemSell_TrangVatPham/57 - Copy.PNG,ItemSell_TrangVatPham,57 - Copy.PNG,36,22,2637,077372cffd8babfebef24adcf55cb79ffda2734368be2daf8d4b0b18c43bcfa5,inventory_sell,57 - Copy
ItemSell_TrangVatPham/57.PNG,ItemSell_TrangVatPham,57.PNG,36,22,2637,077372cffd8babfebef24adcf55cb79ffda2734368be2daf8d4b0b18c43bcfa5,inventory_sell,57
ItemSell_TrangVatPham/58 - Copy.PNG,ItemSell_TrangVatPham,58 - Copy.PNG,35,13,1442,06bdadc202ebf8a5dcd66fe0bf286fc13a660c9b388ca7be19dabd11570a2310,inventory_sell,58 - Copy
ItemSell_TrangVatPham/58.PNG,ItemSell_TrangVatPham,58.PNG,35,13,1442,06bdadc202ebf8a5dcd66fe0bf286fc13a660c9b388ca7be19dabd11570a2310,inventory_sell,58
ItemSell_TrangVatPham/59 - Copy.PNG,ItemSell_TrangVatPham,59 - Copy.PNG,36,18,2176,050d22d300e858df5fa4ca97d6abd21556bf40e432ff0fd0212c72d84af48b46,inventory_sell,59 - Copy
ItemSell_TrangVatPham/59.PNG,ItemSell_TrangVatPham,59.PNG,36,18,2176,050d22d300e858df5fa4ca97d6abd21556bf40e432ff0fd0212c72d84af48b46,inventory_sell,59
ItemSell_TrangVatPham/6 - Copy.PNG,ItemSell_TrangVatPham,6 - Copy.PNG,36,18,1977,09bd47091f46d4d82739ea1dc90c03353b44e051848cefa9e206b7ae358deb27,inventory_sell,6 - Copy
ItemSell_TrangVatPham/6.PNG,ItemSell_TrangVatPham,6.PNG,36,18,1977,09bd47091f46d4d82739ea1dc90c03353b44e051848cefa9e206b7ae358deb27,inventory_sell,6
ItemSell_TrangVatPham/60 - Copy.PNG,ItemSell_TrangVatPham,60 - Copy.PNG,39,17,2183,66ccd11c34b39516bfb8d36979f6bee7eab08a721e456444432ecc481f8a2a0a,inventory_sell,60 - Copy
ItemSell_TrangVatPham/60.PNG,ItemSell_TrangVatPham,60.PNG,39,17,2183,66ccd11c34b39516bfb8d36979f6bee7eab08a721e456444432ecc481f8a2a0a,inventory_sell,60
ItemSell_TrangVatPham/61 - Copy.PNG,ItemSell_TrangVatPham,61 - Copy.PNG,37,21,2647,881ee5de3af0d613ce9a0e3137b2acfc51ce64e792c4f8d2ef28fca633289b7e,inventory_sell,61 - Copy
ItemSell_TrangVatPham/61.PNG,ItemSell_TrangVatPham,61.PNG,37,21,2647,881ee5de3af0d613ce9a0e3137b2acfc51ce64e792c4f8d2ef28fca633289b7e,inventory_sell,61
ItemSell_TrangVatPham/62 - Copy.PNG,ItemSell_TrangVatPham,62 - Copy.PNG,38,21,2741,902bca8135f09c29649c4da2f49cff91fc61d1c2b1ed35f3efe7c5231f4dd24d,inventory_sell,62 - Copy
ItemSell_TrangVatPham/62.PNG,ItemSell_TrangVatPham,62.PNG,38,21,2741,902bca8135f09c29649c4da2f49cff91fc61d1c2b1ed35f3efe7c5231f4dd24d,inventory_sell,62
ItemSell_TrangVatPham/63 - Copy.PNG,ItemSell_TrangVatPham,63 - Copy.PNG,38,16,2030,ae5a1cd45faefb3c009fe625ff8e039c97c0a0657f7f5400df5dfe23da5050a2,inventory_sell,63 - Copy
ItemSell_TrangVatPham/63.PNG,ItemSell_TrangVatPham,63.PNG,38,16,2030,ae5a1cd45faefb3c009fe625ff8e039c97c0a0657f7f5400df5dfe23da5050a2,inventory_sell,63
ItemSell_TrangVatPham/64 - Copy.PNG,ItemSell_TrangVatPham,64 - Copy.PNG,33,17,1898,4f7b3126da054466eaaed4f0d8bfbbe682c20fad459474cb688a6ef09d75a01d,inventory_sell,64 - Copy
ItemSell_TrangVatPham/64.PNG,ItemSell_TrangVatPham,64.PNG,33,17,1898,4f7b3126da054466eaaed4f0d8bfbbe682c20fad459474cb688a6ef09d75a01d,inventory_sell,64
ItemSell_TrangVatPham/65 - Copy.PNG,ItemSell_TrangVatPham,65 - Copy.PNG,35,20,2413,70a9f636a70203efc8fee7cb64ad1ee578106a7f3c4e394ea10809f2f0691fc3,inventory_sell,65 - Copy
ItemSell_TrangVatPham/65.PNG,ItemSell_TrangVatPham,65.PNG,35,20,2413,70a9f636a70203efc8fee7cb64ad1ee578106a7f3c4e394ea10809f2f0691fc3,inventory_sell,65
ItemSell_TrangVatPham/66 - Copy.PNG,ItemSell_TrangVatPham,66 - Copy.PNG,36,21,2559,d98e672a117528876638ef4826cc5e47d77a8a9ce78761da5050776e7559a1ac,inventory_sell,66 - Copy
ItemSell_TrangVatPham/66.PNG,ItemSell_TrangVatPham,66.PNG,36,21,2559,d98e672a117528876638ef4826cc5e47d77a8a9ce78761da5050776e7559a1ac,inventory_sell,66
ItemSell_TrangVatPham/67 - Copy.PNG,ItemSell_TrangVatPham,67 - Copy.PNG,37,16,1943,22c6c5be2cf1b1b9a039f5db24611ae3054b341264e51b85a94587317951a7f5,inventory_sell,67 - Copy
ItemSell_TrangVatPham/67.PNG,ItemSell_TrangVatPham,67.PNG,37,16,1943,22c6c5be2cf1b1b9a039f5db24611ae3054b341264e51b85a94587317951a7f5,inventory_sell,67
ItemSell_TrangVatPham/68 - Copy.PNG,ItemSell_TrangVatPham,68 - Copy.PNG,35,17,1679,a3ca3b9e6c26dabe22b8a130818947ab445bb03f0db931eac890bac4305e4002,inventory_sell,68 - Copy
ItemSell_TrangVatPham/68.PNG,ItemSell_TrangVatPham,68.PNG,35,17,1679,a3ca3b9e6c26dabe22b8a130818947ab445bb03f0db931eac890bac4305e4002,inventory_sell,68
ItemSell_TrangVatPham/69 - Copy.PNG,ItemSell_TrangVatPham,69 - Copy.PNG,36,21,2543,0eb3620bc491e38267a3d437671045cb2f330d881094b09835f9fb72a629d6ec,inventory_sell,69 - Copy
ItemSell_TrangVatPham/69.PNG,ItemSell_TrangVatPham,69.PNG,36,21,2543,0eb3620bc491e38267a3d437671045cb2f330d881094b09835f9fb72a629d6ec,inventory_sell,69
ItemSell_TrangVatPham/7 - Copy.PNG,ItemSell_TrangVatPham,7 - Copy.PNG,32,15,1786,42ca89bb88972e48747534e7b24dd4c987c311d95c202b73e4fe2a9ba73f29c6,inventory_sell,7 - Copy
ItemSell_TrangVatPham/7.PNG,ItemSell_TrangVatPham,7.PNG,32,15,1786,42ca89bb88972e48747534e7b24dd4c987c311d95c202b73e4fe2a9ba73f29c6,inventory_sell,7
ItemSell_TrangVatPham/70 - Copy.PNG,ItemSell_TrangVatPham,70 - Copy.PNG,37,19,2383,5769bed9f342938c38ba8a587db4bce84bf3dce892554748161eb5fdb95b38a2,inventory_sell,70 - Copy
ItemSell_TrangVatPham/70.PNG,ItemSell_TrangVatPham,70.PNG,37,19,2383,5769bed9f342938c38ba8a587db4bce84bf3dce892554748161eb5fdb95b38a2,inventory_sell,70
ItemSell_TrangVatPham/71 - Copy.PNG,ItemSell_TrangVatPham,71 - Copy.PNG,37,20,2533,745719bb669bab9381beea4811a47f939016e018419cfacecd49b904d2db54cd,inventory_sell,71 - Copy
ItemSell_TrangVatPham/71.PNG,ItemSell_TrangVatPham,71.PNG,37,20,2533,745719bb669bab9381beea4811a47f939016e018419cfacecd49b904d2db54cd,inventory_sell,71
ItemSell_TrangVatPham/72 - Copy.PNG,ItemSell_TrangVatPham,72 - Copy.PNG,38,20,2189,087c8bec2b4a0f721c967ccfc8f4a60a4b826862fbc8bf477be191a0143ec32a,inventory_sell,72 - Copy
ItemSell_TrangVatPham/72.PNG,ItemSell_TrangVatPham,72.PNG,38,20,2189,087c8bec2b4a0f721c967ccfc8f4a60a4b826862fbc8bf477be191a0143ec32a,inventory_sell,72
ItemSell_TrangVatPham/73 - Copy.PNG,ItemSell_TrangVatPham,73 - Copy.PNG,36,22,2656,abcec24937500b5b16fe7b659b157d8368577f25768e4b012601cbeba16f754c,inventory_sell,73 - Copy
ItemSell_TrangVatPham/73.PNG,ItemSell_TrangVatPham,73.PNG,36,22,2656,abcec24937500b5b16fe7b659b157d8368577f25768e4b012601cbeba16f754c,inventory_sell,73
ItemSell_TrangVatPham/75 - Copy.PNG,ItemSell_TrangVatPham,75 - Copy.PNG,35,17,1901,a72670bd074b4bb92de21704b329913e422ffdb64db08683329aa19d8a31f3a6,inventory_sell,75 - Copy
ItemSell_TrangVatPham/75.PNG,ItemSell_TrangVatPham,75.PNG,35,17,1901,a72670bd074b4bb92de21704b329913e422ffdb64db08683329aa19d8a31f3a6,inventory_sell,75
ItemSell_TrangVatPham/76 - Copy.PNG,ItemSell_TrangVatPham,76 - Copy.PNG,35,16,1877,e44af465beb44b224d60e0a331221f0a6b40de5e07d279764a21031f59798813,inventory_sell,76 - Copy
ItemSell_TrangVatPham/76.PNG,ItemSell_TrangVatPham,76.PNG,35,16,1877,e44af465beb44b224d60e0a331221f0a6b40de5e07d279764a21031f59798813,inventory_sell,76
ItemSell_TrangVatPham/77 - Copy.PNG,ItemSell_TrangVatPham,77 - Copy.PNG,35,16,1767,0ef2616a307c1a349f8abbb99bfb4940c31e58f83d539094b2bcca49e9253232,inventory_sell,77 - Copy
ItemSell_TrangVatPham/77.PNG,ItemSell_TrangVatPham,77.PNG,35,16,1767,0ef2616a307c1a349f8abbb99bfb4940c31e58f83d539094b2bcca49e9253232,inventory_sell,77
ItemSell_TrangVatPham/78 - Copy.PNG,ItemSell_TrangVatPham,78 - Copy.PNG,34,12,1209,9b265238e603aad8932115cb9fb1d55dfcfcae70749210cdbd0dc2a6b82a6c39,inventory_sell,78 - Copy
ItemSell_TrangVatPham/78.PNG,ItemSell_TrangVatPham,78.PNG,34,12,1209,9b265238e603aad8932115cb9fb1d55dfcfcae70749210cdbd0dc2a6b82a6c39,inventory_sell,78
ItemSell_TrangVatPham/79 - Copy.PNG,ItemSell_TrangVatPham,79 - Copy.PNG,36,21,1995,c42121a7b372d0a176eb9896e0493feb8e7873fbff03caca47fb791e57807ef9,inventory_sell,79 - Copy
ItemSell_TrangVatPham/79.PNG,ItemSell_TrangVatPham,79.PNG,36,21,1995,c42121a7b372d0a176eb9896e0493feb8e7873fbff03caca47fb791e57807ef9,inventory_sell,79
ItemSell_TrangVatPham/8 - Copy.PNG,ItemSell_TrangVatPham,8 - Copy.PNG,35,15,1663,89595a88b7b090023ac7a9d3925984f556a412d7414604e24077da4e0f8b5977,inventory_sell,8 - Copy
ItemSell_TrangVatPham/8.PNG,ItemSell_TrangVatPham,8.PNG,35,15,1663,89595a88b7b090023ac7a9d3925984f556a412d7414604e24077da4e0f8b5977,inventory_sell,8
ItemSell_TrangVatPham/81 - Copy.PNG,ItemSell_TrangVatPham,81 - Copy.PNG,34,18,2168,282b4009534c3e0a13d27b2bb417bc533ccb3ac1ef0bdd68860fb784c258913f,inventory_sell,81 - Copy
ItemSell_TrangVatPham/81.PNG,ItemSell_TrangVatPham,81.PNG,34,18,2168,282b4009534c3e0a13d27b2bb417bc533ccb3ac1ef0bdd68860fb784c258913f,inventory_sell,81
ItemSell_TrangVatPham/82 - Copy.PNG,ItemSell_TrangVatPham,82 - Copy.PNG,38,17,2175,d161d71d7349e66694e5702b302e628344b7628ee62de69916fff6caa1e4fb0f,inventory_sell,82 - Copy
ItemSell_TrangVatPham/82.PNG,ItemSell_TrangVatPham,82.PNG,38,17,2175,d161d71d7349e66694e5702b302e628344b7628ee62de69916fff6caa1e4fb0f,inventory_sell,82
ItemSell_TrangVatPham/83 - Copy.PNG,ItemSell_TrangVatPham,83 - Copy.PNG,36,15,1963,f87206d2bdcee85b23db2b52cb80a1c7fb796b51d02a70a1c09915c75ede5e00,inventory_sell,83 - Copy
ItemSell_TrangVatPham/83.PNG,ItemSell_TrangVatPham,83.PNG,36,15,1963,f87206d2bdcee85b23db2b52cb80a1c7fb796b51d02a70a1c09915c75ede5e00,inventory_sell,83
ItemSell_TrangVatPham/84 - Copy.PNG,ItemSell_TrangVatPham,84 - Copy.PNG,34,19,2140,99e500e6d680ce50ccc3f3b931410b12dd87f6c8cdacc5dc840cbd301bff44d3,inventory_sell,84 - Copy
ItemSell_TrangVatPham/84.PNG,ItemSell_TrangVatPham,84.PNG,34,19,2140,99e500e6d680ce50ccc3f3b931410b12dd87f6c8cdacc5dc840cbd301bff44d3,inventory_sell,84
ItemSell_TrangVatPham/85 - Copy.PNG,ItemSell_TrangVatPham,85 - Copy.PNG,35,21,2464,c0adedfa55bad13e549ec528109fa94ea389915abc16b38f9724a3349dfd7d3a,inventory_sell,85 - Copy
ItemSell_TrangVatPham/85.PNG,ItemSell_TrangVatPham,85.PNG,35,21,2464,c0adedfa55bad13e549ec528109fa94ea389915abc16b38f9724a3349dfd7d3a,inventory_sell,85
ItemSell_TrangVatPham/86 - Copy.PNG,ItemSell_TrangVatPham,86 - Copy.PNG,36,18,2043,737d46845cefc523196a55f54c58a13ef78fd0864850cccb9fc60a809e4b36a2,inventory_sell,86 - Copy
ItemSell_TrangVatPham/86.PNG,ItemSell_TrangVatPham,86.PNG,36,18,2043,737d46845cefc523196a55f54c58a13ef78fd0864850cccb9fc60a809e4b36a2,inventory_sell,86
ItemSell_TrangVatPham/87 - Copy.PNG,ItemSell_TrangVatPham,87 - Copy.PNG,34,21,2452,18a8a59478514a2ebefd63cc4d6f0deb32c67199239c58d24d021daaea6b163e,inventory_sell,87 - Copy
ItemSell_TrangVatPham/87.PNG,ItemSell_TrangVatPham,87.PNG,34,21,2452,18a8a59478514a2ebefd63cc4d6f0deb32c67199239c58d24d021daaea6b163e,inventory_sell,87
ItemSell_TrangVatPham/88 - Copy.PNG,ItemSell_TrangVatPham,88 - Copy.PNG,35,21,1799,9d8738145010ee5613e1250000ac5569e083414a81dfbad465b7f5ad51976bc5,inventory_sell,88 - Copy
ItemSell_TrangVatPham/88.PNG,ItemSell_TrangVatPham,88.PNG,35,21,1799,9d8738145010ee5613e1250000ac5569e083414a81dfbad465b7f5ad51976bc5,inventory_sell,88
ItemSell_TrangVatPham/89 - Copy.PNG,ItemSell_TrangVatPham,89 - Copy.PNG,37,21,2563,17880971c4338a12f2b9c392884b5e7299d34ab4a9b13a89f1b1fda882965541,inventory_sell,89 - Copy
ItemSell_TrangVatPham/89.PNG,ItemSell_TrangVatPham,89.PNG,37,21,2563,17880971c4338a12f2b9c392884b5e7299d34ab4a9b13a89f1b1fda882965541,inventory_sell,89
ItemSell_TrangVatPham/9 - Copy.PNG,ItemSell_TrangVatPham,9 - Copy.PNG,34,16,1949,728fe6f6f58bfb2c2db36b680b432c47cea2f8178a07f3d722fee5edb95ea879,inventory_sell,9 - Copy
ItemSell_TrangVatPham/9.PNG,ItemSell_TrangVatPham,9.PNG,34,16,1949,728fe6f6f58bfb2c2db36b680b432c47cea2f8178a07f3d722fee5edb95ea879,inventory_sell,9
ItemSell_TrangVatPham/90 - Copy.PNG,ItemSell_TrangVatPham,90 - Copy.PNG,37,21,2574,3a00008c70ed29831747a9aac053479370d31533dfc344938c7f1e2ed704e8fc,inventory_sell,90 - Copy
ItemSell_TrangVatPham/90.PNG,ItemSell_TrangVatPham,90.PNG,37,21,2574,3a00008c70ed29831747a9aac053479370d31533dfc344938c7f1e2ed704e8fc,inventory_sell,90
ItemSell_TrangVatPham/91 - Copy.PNG,ItemSell_TrangVatPham,91 - Copy.PNG,34,16,1629,f98109477e62f11e19a03dc616ed21313e027e2dd748a945b5e7f8f1c9e1468e,inventory_sell,91 - Copy
ItemSell_TrangVatPham/91.PNG,ItemSell_TrangVatPham,91.PNG,34,16,1629,f98109477e62f11e19a03dc616ed21313e027e2dd748a945b5e7f8f1c9e1468e,inventory_sell,91
ItemSell_TrangVatPham/92 - Copy.PNG,ItemSell_TrangVatPham,92 - Copy.PNG,36,18,2290,4bd72d499ab0073951bb974e1e73087d228c81646f6b7da5214c2c297c52c1a9,inventory_sell,92 - Copy
ItemSell_TrangVatPham/92.PNG,ItemSell_TrangVatPham,92.PNG,36,18,2290,4bd72d499ab0073951bb974e1e73087d228c81646f6b7da5214c2c297c52c1a9,inventory_sell,92
ItemSell_TrangVatPham/93 - Copy.PNG,ItemSell_TrangVatPham,93 - Copy.PNG,36,20,2515,824a245f770ac3b5cc8f2bea888c246583c8a6195e6a352b269f32abe813ee85,inventory_sell,93 - Copy
ItemSell_TrangVatPham/93.PNG,ItemSell_TrangVatPham,93.PNG,36,20,2515,824a245f770ac3b5cc8f2bea888c246583c8a6195e6a352b269f32abe813ee85,inventory_sell,93
ItemSell_TrangVatPham/94 - Copy.PNG,ItemSell_TrangVatPham,94 - Copy.PNG,35,14,1646,43ac6486b80718df587fafd106854f49988a4c02e52bba482cb8f3ea13e75be1,inventory_sell,94 - Copy
ItemSell_TrangVatPham/94.PNG,ItemSell_TrangVatPham,94.PNG,35,14,1646,43ac6486b80718df587fafd106854f49988a4c02e52bba482cb8f3ea13e75be1,inventory_sell,94
ItemSell_TrangVatPham/95 - Copy.PNG,ItemSell_TrangVatPham,95 - Copy.PNG,35,18,1948,49a90118cfd7a0869569af8f0836fc07ad5125e9fdc041b6f1f28784e1efa951,inventory_sell,95 - Copy
ItemSell_TrangVatPham/95.PNG,ItemSell_TrangVatPham,95.PNG,35,18,1948,49a90118cfd7a0869569af8f0836fc07ad5125e9fdc041b6f1f28784e1efa951,inventory_sell,95
ItemSell_TrangVatPham/96 - Copy.PNG,ItemSell_TrangVatPham,96 - Copy.PNG,35,19,1983,b6ad45f6265c46a3eeb78229c79e4f9f181e1885d70f68749d1f8849ce930236,inventory_sell,96 - Copy
ItemSell_TrangVatPham/96.PNG,ItemSell_TrangVatPham,96.PNG,35,19,1983,b6ad45f6265c46a3eeb78229c79e4f9f181e1885d70f68749d1f8849ce930236,inventory_sell,96
ItemSell_TrangVatPham/97 - Copy.PNG,ItemSell_TrangVatPham,97 - Copy.PNG,37,19,2345,a9ae4eac506e1e219263e0ee6c83e63fc1f0d0143a47e7c52ca5019d5fb71dce,inventory_sell,97 - Copy
ItemSell_TrangVatPham/97.PNG,ItemSell_TrangVatPham,97.PNG,37,19,2345,a9ae4eac506e1e219263e0ee6c83e63fc1f0d0143a47e7c52ca5019d5fb71dce,inventory_sell,97
ItemSell_TrangVatPham/98 - Copy.PNG,ItemSell_TrangVatPham,98 - Copy.PNG,35,22,2428,b9ca44eec20524108c3328fbc6a21cbce0d02203fe242a0bddda658ce1c29b32,inventory_sell,98 - Copy
ItemSell_TrangVatPham/98.PNG,ItemSell_TrangVatPham,98.PNG,35,22,2428,b9ca44eec20524108c3328fbc6a21cbce0d02203fe242a0bddda658ce1c29b32,inventory_sell,98
ItemSell_TrangVatPham/99 - Copy.PNG,ItemSell_TrangVatPham,99 - Copy.PNG,34,23,2711,0972ea7d7e98af25ac87b395236f8424c1781fc867bc53baccbe3f4b1d7673a2,inventory_sell,99 - Copy
ItemSell_TrangVatPham/99.PNG,ItemSell_TrangVatPham,99.PNG,34,23,2711,0972ea7d7e98af25ac87b395236f8424c1781fc867bc53baccbe3f4b1d7673a2,inventory_sell,99
ItemSell_TrangVatPham/Capture.PNG023e.PNG,ItemSell_TrangVatPham,Capture.PNG023e.PNG,45,20,2729,fda7ef6224bd13c9480a9daf32a806d783c7981b5c106d58a67e9b0ebd5e2f3c,inventory_sell,Capture.PNG023e
ItemSell_TrangVatPham/Capture.PNG100gg.PNG,ItemSell_TrangVatPham,Capture.PNG100gg.PNG,38,16,1829,bf3d40e08d5a0df3e7aa860b6cfd91af562f79788770038c763ce0594729ed66,inventory_sell,Capture.PNG100gg
ItemSell_TrangVatPham/Capture.PNG11da.PNG,ItemSell_TrangVatPham,Capture.PNG11da.PNG,32,18,1896,bcf36123160ba416c285fa93b965fb5c78d345063faf41932512d221c4c3c11e,inventory_sell,Capture.PNG11da
ItemSell_TrangVatPham/Capture.PNG2aa.PNG,ItemSell_TrangVatPham,Capture.PNG2aa.PNG,38,13,1529,ae1f682fd2f246b96fcc7dc0f715a0e618d807700402095acf4bb72e02ec72e9,inventory_sell,Capture.PNG2aa
ItemSell_TrangVatPham/Capture.PNG3bb.PNG,ItemSell_TrangVatPham,Capture.PNG3bb.PNG,42,18,2284,2b5637e4506f0d9053d9e7ccc04953577021abc3436036887bfcadff4a843c64,inventory_sell,Capture.PNG3bb
ItemSell_TrangVatPham/Capture.PNG3xvv.PNG,ItemSell_TrangVatPham,Capture.PNG3xvv.PNG,38,19,1984,2a3f34be81ff2c3d2db0c1f09a2c5cceaf6e6dd810975dc088525ab0fcc49102,inventory_sell,Capture.PNG3xvv
ItemSell_TrangVatPham/Capture.PNG418m.PNG,ItemSell_TrangVatPham,Capture.PNG418m.PNG,40,18,2446,956d263897ed347b00c543bf49b3b20344e74854d62e4f0bb1428f5d30a9f21b,inventory_sell,Capture.PNG418m
ItemSell_TrangVatPham/Capture.PNG4zxa.PNG,ItemSell_TrangVatPham,Capture.PNG4zxa.PNG,31,13,1466,2ea729ab9cebf286993f8733ab0dcd5b2d0302e3346501c7de6615ba40b1c1f8,inventory_sell,Capture.PNG4zxa
ItemSell_TrangVatPham/Capture.PNG548mnd.PNG,ItemSell_TrangVatPham,Capture.PNG548mnd.PNG,44,19,1908,ac8f53de6b87ad7afa0484cb0eb3ff778a85032aa34b3de60b3ae0f3cd76b8b2,inventory_sell,Capture.PNG548mnd
ItemSell_TrangVatPham/Capture.PNG55ms.PNG,ItemSell_TrangVatPham,Capture.PNG55ms.PNG,40,19,2080,bbd3cb1ce3f235c99562e04a44f7d5750847737d45fff5f5424a889adef145b1,inventory_sell,Capture.PNG55ms
ItemSell_TrangVatPham/Capture.PNG5bvbv.PNG,ItemSell_TrangVatPham,Capture.PNG5bvbv.PNG,46,18,2397,b1ed8b0ad9374366aa9234c2261986d1268bd421cbaee702fda3f949acb80128,inventory_sell,Capture.PNG5bvbv
ItemSell_TrangVatPham/Capture.PNG5nzz.PNG,ItemSell_TrangVatPham,Capture.PNG5nzz.PNG,41,16,2188,b84305f3571913cf53eb5595f601d8db688a8b599fb2cb2e50a8ef1341ba94b3,inventory_sell,Capture.PNG5nzz
ItemSell_TrangVatPham/Capture.PNG62xc.PNG,ItemSell_TrangVatPham,Capture.PNG62xc.PNG,40,17,2097,a33a818f8321f1814fd418864e427bfecb181456829bd08d2c39d54bf86661f1,inventory_sell,Capture.PNG62xc
ItemSell_TrangVatPham/Capture.PNG677m.PNG,ItemSell_TrangVatPham,Capture.PNG677m.PNG,41,19,2220,2e7f250769790923bc5146924a44d87d972b26564e4a518feb64bcc0c8d324ca,inventory_sell,Capture.PNG677m
ItemSell_TrangVatPham/Capture.PNG6mm0.PNG,ItemSell_TrangVatPham,Capture.PNG6mm0.PNG,43,18,2369,d743797c06298b21166cce79ac35783b35754ee2bffb58f8fff0c26ce5053e4a,inventory_sell,Capture.PNG6mm0
ItemSell_TrangVatPham/Capture.PNG704h.PNG,ItemSell_TrangVatPham,Capture.PNG704h.PNG,43,16,2032,8f3b4f284f3e58bbf93e230f45339d0a727e0db4327e97dbbd46a6319559d95e,inventory_sell,Capture.PNG704h
ItemSell_TrangVatPham/Capture.PNG742f.PNG,ItemSell_TrangVatPham,Capture.PNG742f.PNG,35,19,2204,b5459bd4dee1ae6f69469a520831a39bb9945cfe015b37b5b49ed1e271a05ad2,inventory_sell,Capture.PNG742f
ItemSell_TrangVatPham/Capture.PNGfyc.PNG,ItemSell_TrangVatPham,Capture.PNGfyc.PNG,45,18,2401,8f9357032f4b05257e4e1cea4cfcfa44eea58d786532b5987a671fbb56eac924,inventory_sell,Capture.PNGfyc
ItemSell_TrangVatPham/a1.PNG,ItemSell_TrangVatPham,a1.PNG,37,20,2514,70952a0461ddbfd1f76819cb19b6017d53772701f8aeab6e8a93801536936ffe,inventory_sell,a1
ItemSell_TrangVatPham/aac1.PNG,ItemSell_TrangVatPham,aac1.PNG,42,22,2351,b471a956db1ccc6a4ccacfc60ae9ce0333331667f95415357e5d3ca2a5a6cd0b,inventory_sell,aac1
ItemSell_TrangVatPham/avav2.PNG,ItemSell_TrangVatPham,avav2.PNG,36,18,1830,dc8589f1104d53010b9bcd0737bab084996ea6d57fd59bd3009856853831b929,inventory_sell,avav2
ItemSell_TrangVatPham/b1.PNG,ItemSell_TrangVatPham,b1.PNG,38,24,3074,eefc44645ec7e927b3fa95b7f5bb8482f40f2de26fd25b8516590b8b59169dd9,inventory_sell,b1
ItemSell_TrangVatPham/b2.PNG,ItemSell_TrangVatPham,b2.PNG,38,16,2055,2ec8f24a54fd6d5e102b69f46bf995ddac1df665a5d5efabea6f89a8d137702e,inventory_sell,b2
ItemSell_TrangVatPham/b3.PNG,ItemSell_TrangVatPham,b3.PNG,34,19,2316,09c0f3f5b4252329cf4fa1efa869ae981e87fc0ce6f62e17c36ee1d2598d034c,inventory_sell,b3
ItemSell_TrangVatPham/b4.PNG,ItemSell_TrangVatPham,b4.PNG,41,21,2716,0571166c02813f2d69b8f95f6d92221836e7fbc6d318949d0d03592c5c8da047,inventory_sell,b4
ItemSell_TrangVatPham/bb3.PNG,ItemSell_TrangVatPham,bb3.PNG,40,21,2628,e7f4250f2a88eb1571092e539b3b2a7f7661dc644da89185e481ecede3324157,inventory_sell,bb3
ItemSell_TrangVatPham/bbn1.PNG,ItemSell_TrangVatPham,bbn1.PNG,39,21,2732,371a1799e6cab6a770e946d84dacc983353bee5e12c1c0175e7edf9d5e9e1a33,inventory_sell,bbn1
ItemSell_TrangVatPham/c1.PNG,ItemSell_TrangVatPham,c1.PNG,23,18,1325,2baeb905ccc07bba6e69d9fb4d5b5f3bf8991cb30d0b2c861eaa538b2020dddc,inventory_sell,c1
ItemSell_TrangVatPham/c10.PNG,ItemSell_TrangVatPham,c10.PNG,27,14,1075,39b8c78e0ec9912b37970cdb74925640fe52c2992072e7d7a053ad4c484fc5f2,inventory_sell,c10
ItemSell_TrangVatPham/c11.PNG,ItemSell_TrangVatPham,c11.PNG,31,14,1459,1f269746019e275a0bd2d13d0f8232e4c3f5515b841a4520e3f01b411d8da34d,inventory_sell,c11
ItemSell_TrangVatPham/c12.PNG,ItemSell_TrangVatPham,c12.PNG,28,16,1586,86b7f2ce39be42134d4c6cd055097185fae9b12e29c9e04df6db402090d17216,inventory_sell,c12
ItemSell_TrangVatPham/c13.PNG,ItemSell_TrangVatPham,c13.PNG,25,21,1767,8d6c0f72fbe9d2400be305e720bd787ceb54287ce6b7699cfd1d05166c92c944,inventory_sell,c13
ItemSell_TrangVatPham/c14.PNG,ItemSell_TrangVatPham,c14.PNG,26,19,1801,24dfa68faab75f56b443ef5c8976cfb1baeb43ef12808f39d5b92aac3bbb0ae4,inventory_sell,c14
ItemSell_TrangVatPham/c15.PNG,ItemSell_TrangVatPham,c15.PNG,29,16,1424,c9824a5e664b3b06f704dd39323f508fbeb2b0096ad8dad6f0329cb97e1d9e3c,inventory_sell,c15
ItemSell_TrangVatPham/c16.PNG,ItemSell_TrangVatPham,c16.PNG,26,14,1104,e582517646e11e23a185cec3b66e1d7dd4539b11470a915bc9b7ebe6be85f997,inventory_sell,c16
ItemSell_TrangVatPham/c17.PNG,ItemSell_TrangVatPham,c17.PNG,28,14,1334,a055cd6467d687846de903ad6a41c89db3786b5eb25aba6687c8c9a7bd51b905,inventory_sell,c17
ItemSell_TrangVatPham/c18.PNG,ItemSell_TrangVatPham,c18.PNG,30,12,1212,2bd2b3c65443ad007fa94459e3d170e1d5d2c118134f00ee1127b8a6bf281847,inventory_sell,c18
ItemSell_TrangVatPham/c19.PNG,ItemSell_TrangVatPham,c19.PNG,26,14,1323,09991a989f2c8439245d49b4763de605cef7908239429ff4af138c92eece6021,inventory_sell,c19
ItemSell_TrangVatPham/c2.PNG,ItemSell_TrangVatPham,c2.PNG,25,18,1322,d1f714ba81bd7b697a6398b725622405f02eac47843e3278822e8051c633f086,inventory_sell,c2
ItemSell_TrangVatPham/c20.PNG,ItemSell_TrangVatPham,c20.PNG,32,13,1422,888a54a53ae2daf3f4ad13a19e6c2a6fae7de6c3255460c1cae40a2a11d4c043,inventory_sell,c20
ItemSell_TrangVatPham/c3.PNG,ItemSell_TrangVatPham,c3.PNG,25,18,1548,589805993326f2d09753bc1bb2fbd0916588ab21a7b078e4970ef5f6eceb9af6,inventory_sell,c3
ItemSell_TrangVatPham/c4.PNG,ItemSell_TrangVatPham,c4.PNG,30,13,1267,ea1f5bfadb33d3425c9648308897275beab6dc5ec18caf20766caa5960044098,inventory_sell,c4
ItemSell_TrangVatPham/c5.PNG,ItemSell_TrangVatPham,c5.PNG,23,17,1413,7f9ab88c77f43137c88fb4672b81673bf70a27296bf9c57ec80471332f989ee3,inventory_sell,c5
ItemSell_TrangVatPham/c6.PNG,ItemSell_TrangVatPham,c6.PNG,26,14,1289,86afc3906591a1848be42a87f6819e9bd62dc83cd35bfe155b02200b528c9bd0,inventory_sell,c6
ItemSell_TrangVatPham/c7.PNG,ItemSell_TrangVatPham,c7.PNG,24,16,1332,6643898cff62e9c45d2653f795d54fa62622cfd0fc8ab9e05ca9a43c4b9d577e,inventory_sell,c7
ItemSell_TrangVatPham/c8.PNG,ItemSell_TrangVatPham,c8.PNG,27,16,1370,db022df3e1787052b51985c4ceb488f16c59bf222ebe1746ecc69706ce624e44,inventory_sell,c8
ItemSell_TrangVatPham/c9.PNG,ItemSell_TrangVatPham,c9.PNG,25,18,1569,ab8726c2840e399221f4aab4ab341917617b23236d44aa8676e89dbfa40eb33b,inventory_sell,c9
ItemSell_TrangVatPham/cascasc1.PNG,ItemSell_TrangVatPham,cascasc1.PNG,37,18,2190,9ae08ae0d63d1bf7563408d8a0f28e59f27e36e2ac7bcb6f69994530ddc5ee92,inventory_sell,cascasc1
ItemSell_TrangVatPham/cc1.PNG,ItemSell_TrangVatPham,cc1.PNG,38,21,2700,f266b20b9dbe05acb6dfa071a60f826c4458234151614240833e0e935abb2be1,inventory_sell,cc1
ItemSell_TrangVatPham/ccasc1.PNG,ItemSell_TrangVatPham,ccasc1.PNG,43,18,2370,00529e1fdcf089e22b9ed5ba7d7f0bf8c7faed41847b9d98837c2c3fe77d1e5d,inventory_sell,ccasc1
ItemSell_TrangVatPham/ccascascasc.PNG,ItemSell_TrangVatPham,ccascascasc.PNG,40,22,2486,6b6aa5fca8dc17589a45240e296f69a9108f7c314c26bc7b56c3abf6049a4df0,inventory_sell,ccascascasc
ItemSell_TrangVatPham/ccc1.PNG,ItemSell_TrangVatPham,ccc1.PNG,42,21,2797,e559f6d1b118373fe8c407455bf320c23c7dc0fe24fbf08aead82aea52cb4677,inventory_sell,ccc1
ItemSell_TrangVatPham/cccc1.PNG,ItemSell_TrangVatPham,cccc1.PNG,38,23,2833,54d0cb5ac7bb9e316057929d34a68bde2e20cf3026a53121ac48a09e7389c81d,inventory_sell,cccc1
ItemSell_TrangVatPham/cccsacas.PNG,ItemSell_TrangVatPham,cccsacas.PNG,37,19,2301,ce18efe28fbe85013dc96eb2d2964b7b9181d839d8941e86722e0ff25a25f34e,inventory_sell,cccsacas
ItemSell_TrangVatPham/ccqcqcqwc.PNG,ItemSell_TrangVatPham,ccqcqcqwc.PNG,39,20,2621,027672f6cbfd6bf279ba99c9aa57c654f0fe691ff279842ade70d855736a5074,inventory_sell,ccqcqcqwc
ItemSell_TrangVatPham/ccqcqwc.PNG,ItemSell_TrangVatPham,ccqcqwc.PNG,35,19,2340,e328ab4aeecfcc5745a484d191bbd9539c6e7c1b6c3878d7d6eb9231d4bfd163,inventory_sell,ccqcqwc
ItemSell_TrangVatPham/cqcwq1.PNG,ItemSell_TrangVatPham,cqcwq1.PNG,35,16,1966,208c5bddde3ff789bc9d7107e3afb713d7ada184fd17a8aa28109cd06c02f95c,inventory_sell,cqcwq1
ItemSell_TrangVatPham/cqcwqc.PNG,ItemSell_TrangVatPham,cqcwqc.PNG,40,16,2142,fff1ab8325d3d806f6fc9e6a0fc9feff82ca31f6ea0b6a87b567589053835878,inventory_sell,cqcwqc
ItemSell_TrangVatPham/cqwcqwcqw.PNG,ItemSell_TrangVatPham,cqwcqwcqw.PNG,39,21,2603,0cc4a00581b2ad8cbaf17b5ba1c434c9b15608e345593f63b8ea131688386b7b,inventory_sell,cqwcqwcqw
ItemSell_TrangVatPham/cqwcqwcqwc.PNG,ItemSell_TrangVatPham,cqwcqwcqwc.PNG,34,19,2034,d6c91e43273096d5fe1070a3de5f216587c86c7f0637cc73b354117678942e9e,inventory_sell,cqwcqwcqwc
ItemSell_TrangVatPham/cqwcwqcwqc.PNG,ItemSell_TrangVatPham,cqwcwqcwqc.PNG,38,22,2196,8aad9f09879e2adedb8509a47f48bea2e94ef279216d40fc06238959e0bdcfbb,inventory_sell,cqwcwqcwqc
ItemSell_TrangVatPham/cqwcwqcwqcqwc.PNG,ItemSell_TrangVatPham,cqwcwqcwqcqwc.PNG,36,20,2164,ecce3918c627ecf95d353ce3b4312d1b12ae634ec447abb68249f3f33a99b112,inventory_sell,cqwcwqcwqcqwc
ItemSell_TrangVatPham/cqwqcqw1.PNG,ItemSell_TrangVatPham,cqwqcqw1.PNG,37,22,2608,ec205000680474d741ef32bee53654bf655158da172963ca181d4ea089136d93,inventory_sell,cqwqcqw1
ItemSell_TrangVatPham/cvcc1.PNG,ItemSell_TrangVatPham,cvcc1.PNG,41,20,2736,3fc4ed998afad37f196e647b43800d6c7029fcad7709f8b6196a79cd1130158c,inventory_sell,cvcc1
ItemSell_TrangVatPham/cwqcwqcwqcc.PNG,ItemSell_TrangVatPham,cwqcwqcwqcc.PNG,35,16,1899,bc0e448d46523e0de3411d55410156bebaf93dc5e239b57b9451dc635694f8ce,inventory_sell,cwqcwqcwqcc
ItemSell_TrangVatPham/d1d1d1d2.PNG,ItemSell_TrangVatPham,d1d1d1d2.PNG,42,19,2284,936f1988cc5f67d2e3963dd36784d1bec9166ec536c442e710afaaea140e5fc6,inventory_sell,d1d1d1d2
ItemSell_TrangVatPham/dasdasd1.PNG,ItemSell_TrangVatPham,dasdasd1.PNG,38,22,2099,59ee6d2941d37d4389edec8cd84c9ce70bbbcfa51ab19255452662a858c38747,inventory_sell,dasdasd1
ItemSell_TrangVatPham/dczcdscasc.PNG,ItemSell_TrangVatPham,dczcdscasc.PNG,40,19,2499,4f0f4fdc0e4cbf59a603c8ccc4a44714e8032a3f805cc17c91b50434ceb38b30,inventory_sell,dczcdscasc
ItemSell_TrangVatPham/ddddaa1.PNG,ItemSell_TrangVatPham,ddddaa1.PNG,141,65,20344,d3915a136e4fcc3b0e81cd1ae331a5071ebc580e2143b267b5921cf4bcb4bf14,inventory_sell,ddddaa1
ItemSell_TrangVatPham/ddddd1.PNG,ItemSell_TrangVatPham,ddddd1.PNG,137,55,23492,fb136fcce7d22c5b754ea13f7e2ccf56937e94d444224129fcd2c77115301db8,inventory_sell,ddddd1
ItemSell_TrangVatPham/dddfdf1.PNG,ItemSell_TrangVatPham,dddfdf1.PNG,137,70,22282,a868db63e2a619299bd56dc1afc3f2602955f9efd53fab7be37f6bbd0c4df4bb,inventory_sell,dddfdf1
ItemSell_TrangVatPham/ddqdwqcqwc.PNG,ItemSell_TrangVatPham,ddqdwqcqwc.PNG,36,19,1938,9991856492f099ea7b4814653038a9c745377e6c269231c3da682d5c23220479,inventory_sell,ddqdwqcqwc
ItemSell_TrangVatPham/ddss1.PNG,ItemSell_TrangVatPham,ddss1.PNG,39,19,2577,9c5762e08f22e697d52f0d049c6bf2d1238d3ef3022214bb0af3a6ceab7f7fda,inventory_sell,ddss1
ItemSell_TrangVatPham/dqwcqwcqwc.PNG,ItemSell_TrangVatPham,dqwcqwcqwc.PNG,35,18,2076,3d948116f2a600f84991ed54742fbafad0e2163c8904666072aae4c66f7cb861,inventory_sell,dqwcqwcqwc
ItemSell_TrangVatPham/dqwd1d.PNG,ItemSell_TrangVatPham,dqwd1d.PNG,38,20,1596,3ef3b4f9ca8a55bceaf7c698a84e11579a6e14de2a1be7554c732ef442b4176e,inventory_sell,dqwd1d
ItemSell_TrangVatPham/dqwdqwd.PNG,ItemSell_TrangVatPham,dqwdqwd.PNG,34,15,1659,6130ad553d239724f87c2cfe3086d4c11799a8776fe3a3768c53346186872859,inventory_sell,dqwdqwd
ItemSell_TrangVatPham/dqwdqwdqwcwcwq.PNG,ItemSell_TrangVatPham,dqwdqwdqwcwcwq.PNG,38,22,2603,13e1f5cfb941f113a5b64bf29927dbd8d64bda3d3b9ea3b22748b45e61d47611,inventory_sell,dqwdqwdqwcwcwq
ItemSell_TrangVatPham/dwqcqcqcq.PNG,ItemSell_TrangVatPham,dwqcqcqcq.PNG,36,19,2134,ee54902a2c9ac028c239bbde7205941cc2d2ad07bb5622140c5d861a1792166e,inventory_sell,dwqcqcqcq
ItemSell_TrangVatPham/gh31.PNG,ItemSell_TrangVatPham,gh31.PNG,37,21,2099,64797142574e54b6b7181d5f09fccadff4c16d68e6f8e630cb1958d9e25b66ec,inventory_sell,gh31
ItemSell_TrangVatPham/hg1.PNG,ItemSell_TrangVatPham,hg1.PNG,39,19,2493,ff6a6674ba8ec40b62c7b7d58699fef0ae0434e06f0bf123a0ee987afe27638b,inventory_sell,hg1
ItemSell_TrangVatPham/m1.PNG,ItemSell_TrangVatPham,m1.PNG,40,24,2976,e3849a9134ae2eefb2d7ce03376b9f8f2fc2005d8a2f6d732c4021b6148055de,inventory_sell,m1
ItemSell_TrangVatPham/m10.PNG,ItemSell_TrangVatPham,m10.PNG,37,25,2860,09b88200445b36254610532a50997402a34667f54431c59ffb2d9040bd790457,inventory_sell,m10
ItemSell_TrangVatPham/m11.PNG,ItemSell_TrangVatPham,m11.PNG,35,26,2904,3e213c77d221e221561d81746d96c1e40881d8d0b614b2ad633b95a526ab33cf,inventory_sell,m11
ItemSell_TrangVatPham/m12.PNG,ItemSell_TrangVatPham,m12.PNG,36,25,2982,f27ce19e02c1026ec6d24488978f79ec18608d7380edd119650c168e56d658ca,inventory_sell,m12
ItemSell_TrangVatPham/m13.PNG,ItemSell_TrangVatPham,m13.PNG,40,24,3053,2620c08f1fa8961e0b259a4933857eb01e713603beb9526e06f0ef7368c8ea7d,inventory_sell,m13
ItemSell_TrangVatPham/m14.PNG,ItemSell_TrangVatPham,m14.PNG,34,25,2921,6783e19cf4764bc84a6c4635e35b9f91d50583d125b6c364ded7370330fb0b77,inventory_sell,m14
ItemSell_TrangVatPham/m15.PNG,ItemSell_TrangVatPham,m15.PNG,38,26,3137,9b2de2c60ded485a5771e21f80294c9d9c5dd6cea08a2220449dc5b964275bca,inventory_sell,m15
ItemSell_TrangVatPham/m16.PNG,ItemSell_TrangVatPham,m16.PNG,36,26,2741,5f4fee67cc7962a6cca277d03ded96bf5b674d4deda299bf040c03ba70233d38,inventory_sell,m16
ItemSell_TrangVatPham/m17.PNG,ItemSell_TrangVatPham,m17.PNG,34,22,2339,2538ff85ea84ac3d6cdbbff3ba7075a377fffdccc2bc74729dbb97b9aede27fb,inventory_sell,m17
ItemSell_TrangVatPham/m18.PNG,ItemSell_TrangVatPham,m18.PNG,38,26,3034,71d887fb31e41d1cad5030e931dfe0d250792673518261c487f0b3c49085b5d9,inventory_sell,m18
ItemSell_TrangVatPham/m19.PNG,ItemSell_TrangVatPham,m19.PNG,37,25,2829,d08f4eb382508c68e7706eac5a45be00fc484076610ab3cf625a5b3d1563118d,inventory_sell,m19
ItemSell_TrangVatPham/m2.PNG,ItemSell_TrangVatPham,m2.PNG,40,28,3468,b96131b4e2de16ed3147531263b064965a826a8d7a2c7a58d25bdece65b42a5e,inventory_sell,m2
ItemSell_TrangVatPham/m20.PNG,ItemSell_TrangVatPham,m20.PNG,39,24,2614,98b14fc237eb6dc4608f6d111d999c67e14faad224d669b24c074d5ef3f312ed,inventory_sell,m20
ItemSell_TrangVatPham/m21.PNG,ItemSell_TrangVatPham,m21.PNG,39,23,2857,90bb102783c39d9cb80ef66664fa2eaddacdec599622a0b31c81d360a5e5ee8c,inventory_sell,m21
ItemSell_TrangVatPham/m22.PNG,ItemSell_TrangVatPham,m22.PNG,38,26,3246,f12544b73645d09bdded033093673e96aa0bb7db57994d371eabd764a98258f0,inventory_sell,m22
ItemSell_TrangVatPham/m23.PNG,ItemSell_TrangVatPham,m23.PNG,37,23,2932,bd8f97cb24006a1812ac725987858886e7512f531c39c7fa22dc0fa0b27c834a,inventory_sell,m23
ItemSell_TrangVatPham/m24.PNG,ItemSell_TrangVatPham,m24.PNG,38,20,2467,6f733d26400f4076d40ea6e4b721f32e004a06c766d199be39a8c8cacf1442d2,inventory_sell,m24
ItemSell_TrangVatPham/m25.PNG,ItemSell_TrangVatPham,m25.PNG,41,26,3314,41de8030d4fe3e5484a2c8420cbda902fa76366deea0b38e77c51ef53a7f8b8f,inventory_sell,m25
ItemSell_TrangVatPham/m26.PNG,ItemSell_TrangVatPham,m26.PNG,38,28,3435,8ed6891f963752ef0c374bb27a82f7cda8cb8ac3e79258c7c156371298cc27bf,inventory_sell,m26
ItemSell_TrangVatPham/m27.PNG,ItemSell_TrangVatPham,m27.PNG,41,26,3365,df98bd74555e0f083b61c4b98f9e0e94da6887fdd350f0224a4093f9406b7d7f,inventory_sell,m27
ItemSell_TrangVatPham/m28.PNG,ItemSell_TrangVatPham,m28.PNG,37,26,2973,0264e884c001b4cb36bb0fc262a4274429517563174509dfa92acd79f43ce25c,inventory_sell,m28
ItemSell_TrangVatPham/m29.PNG,ItemSell_TrangVatPham,m29.PNG,40,27,3283,95ffcc42e58633ae180e378a228f066a6ad83c5020ae701d6ca84912a94647ba,inventory_sell,m29
ItemSell_TrangVatPham/m3.PNG,ItemSell_TrangVatPham,m3.PNG,40,26,3156,3493766cba0bb85ce080f27d4c4a04de9e5895d2c4b473d65e50e24c83c2ea88,inventory_sell,m3
ItemSell_TrangVatPham/m30.PNG,ItemSell_TrangVatPham,m30.PNG,41,29,3588,a30b8971b236d0a3d0467181745b6db8158ba51e51ea525c7ce68208937cfe1d,inventory_sell,m30
ItemSell_TrangVatPham/m31.PNG,ItemSell_TrangVatPham,m31.PNG,40,23,2671,38e4968f62d23c9d4837e31796fe77ce91291bb57f304d1182308bd11dc0c4f8,inventory_sell,m31
ItemSell_TrangVatPham/m32.PNG,ItemSell_TrangVatPham,m32.PNG,36,23,2559,c21db97ed9dd07b12121535e55eba2f8bd0f150eb4aa3d68da7af84772c90d00,inventory_sell,m32
ItemSell_TrangVatPham/m33.PNG,ItemSell_TrangVatPham,m33.PNG,38,22,2540,5320a2cf29d0481ab0bd10e405dc7295f03911e2420c30751dbd00cab8668980,inventory_sell,m33
ItemSell_TrangVatPham/m34.PNG,ItemSell_TrangVatPham,m34.PNG,33,27,2881,7c9f94df3d1569e3a59920a8194103dbfafa597bc898a98c6a98d2ffd641d45d,inventory_sell,m34
ItemSell_TrangVatPham/m36.PNG,ItemSell_TrangVatPham,m36.PNG,37,26,2889,8d75dd34ab8fe74f03d438eee37df88046cf053866cb8445ffdb620c59632f28,inventory_sell,m36
ItemSell_TrangVatPham/m37.PNG,ItemSell_TrangVatPham,m37.PNG,34,21,2204,0612ee965df3db03c85114f74ec296649dfd34c2e08f36bc280f810c8b36003d,inventory_sell,m37
ItemSell_TrangVatPham/m38.PNG,ItemSell_TrangVatPham,m38.PNG,34,24,2595,32ca3fab9328e6d3b297a0d87f83c112c3fd86ff38bffb52a5b57d8cbdd7161b,inventory_sell,m38
ItemSell_TrangVatPham/m39.PNG,ItemSell_TrangVatPham,m39.PNG,37,21,2545,1971a81c22b9385e1ff0513379094a405f00341644b7f5ac415afd326ddf9ab2,inventory_sell,m39
ItemSell_TrangVatPham/m4.PNG,ItemSell_TrangVatPham,m4.PNG,37,23,2853,7b6aad7653d3100b185f5e57a55f96e1a49eb48b5afcd939c379384a8e047bf1,inventory_sell,m4
ItemSell_TrangVatPham/m40.PNG,ItemSell_TrangVatPham,m40.PNG,35,23,2666,5de4adac4c44287d15b9a35e0bec187b51df7a71c34603abbaedbddb3872c175,inventory_sell,m40
ItemSell_TrangVatPham/m41.PNG,ItemSell_TrangVatPham,m41.PNG,40,24,3187,fe254739f1736bcb9a27f9ac3d0d50c8f53e6a9797f0609b65b334c21b5e671a,inventory_sell,m41
ItemSell_TrangVatPham/m42.PNG,ItemSell_TrangVatPham,m42.PNG,35,25,2849,5b9d1b6f63031f388d165f2974e9887fbc4f48c6710f373af24b7b49b7ea716e,inventory_sell,m42
ItemSell_TrangVatPham/m43.PNG,ItemSell_TrangVatPham,m43.PNG,40,21,2574,11c1ff0c8540e657ee8c002176b180656a53531ab1d5eddd67b09a5a93b15e6b,inventory_sell,m43
ItemSell_TrangVatPham/m44.PNG,ItemSell_TrangVatPham,m44.PNG,39,23,2891,bd80ca26ad30a332a026a99211f993d0095c6f8c7225fed9a277399ed3cd33ec,inventory_sell,m44
ItemSell_TrangVatPham/m45.PNG,ItemSell_TrangVatPham,m45.PNG,37,23,2456,3d759a2e920ee30411ed984bb7d535d9fa6709cd97f6c667fd44af868370e7e9,inventory_sell,m45
ItemSell_TrangVatPham/m46.PNG,ItemSell_TrangVatPham,m46.PNG,39,26,3128,8c5c07ee4dff6ec7bcd1067354fef0c76ff155997e932cd63e9c0209ea56bb75,inventory_sell,m46
ItemSell_TrangVatPham/m47.PNG,ItemSell_TrangVatPham,m47.PNG,39,26,3213,44c14f779664bd7b0cb7c360862bb2cde84b62b66a4606bcf7b8461119d1d80f,inventory_sell,m47
ItemSell_TrangVatPham/m48.PNG,ItemSell_TrangVatPham,m48.PNG,39,28,3256,e5afb4556a5842069297dc72224f884c3e0765a02a3e08198dd84680630f33f5,inventory_sell,m48
ItemSell_TrangVatPham/m49.PNG,ItemSell_TrangVatPham,m49.PNG,39,23,2741,a32b3c869e7cf5ea5971967a2dd49e66ff3324dac6d42546f6a50db13cf30387,inventory_sell,m49
ItemSell_TrangVatPham/m50.PNG,ItemSell_TrangVatPham,m50.PNG,36,28,2925,665149fb746ee9418ed3e654b80e82d7df3b0f1c2d263304af4b82814c4254b6,inventory_sell,m50
ItemSell_TrangVatPham/m51.PNG,ItemSell_TrangVatPham,m51.PNG,39,20,2489,681df308ade35f947a01c399143f416d40eca285b8382f6e0f75fb5371bdff9c,inventory_sell,m51
ItemSell_TrangVatPham/m52.PNG,ItemSell_TrangVatPham,m52.PNG,37,26,3169,3d2fc3a08d37486b540c79a358925e8c44575a7d98e3e72604bbc7242bb82a11,inventory_sell,m52
ItemSell_TrangVatPham/m53.PNG,ItemSell_TrangVatPham,m53.PNG,38,26,3087,f55e5ba440a42ca6b373dac61be4ccf8eb77805e19c50dc4661214af28a5a2c8,inventory_sell,m53
ItemSell_TrangVatPham/m54.PNG,ItemSell_TrangVatPham,m54.PNG,35,26,3134,ca44de951423e5d33074d9930451b4515e46d440b4822cf07db06a1394c36a3c,inventory_sell,m54
ItemSell_TrangVatPham/m55.PNG,ItemSell_TrangVatPham,m55.PNG,41,26,2901,96eaf52cb8b2bda2ba2d04efa8918d59d0b4337a6cebefe550b849444e0705b1,inventory_sell,m55
ItemSell_TrangVatPham/m56.PNG,ItemSell_TrangVatPham,m56.PNG,38,25,3174,50a96b164d27219df8e88f667220b80d2d4e4565ee55b103416b8882163937e9,inventory_sell,m56
ItemSell_TrangVatPham/m57.PNG,ItemSell_TrangVatPham,m57.PNG,39,26,3011,a1b8b7abfc17f318c387086f81c694808e75353a9dff04f72d9c5034c251b8f4,inventory_sell,m57
ItemSell_TrangVatPham/m58.PNG,ItemSell_TrangVatPham,m58.PNG,38,25,2999,7b806d162878748fb442d6ae00d43b44070fa458d2a968cf879e1112113af98d,inventory_sell,m58
ItemSell_TrangVatPham/m59.PNG,ItemSell_TrangVatPham,m59.PNG,41,27,3475,7bd017782b1a5c87d8e0b73ef395f3d013d42f8769a5fd519d6b094325b88aba,inventory_sell,m59
ItemSell_TrangVatPham/m6.PNG,ItemSell_TrangVatPham,m6.PNG,42,25,3181,ce384029c23d25c077b3f1a55d8b3725dffda694620e29160fd02dafc1e2351d,inventory_sell,m6
ItemSell_TrangVatPham/m60.PNG,ItemSell_TrangVatPham,m60.PNG,37,24,3004,d4651320b01c1fb36eb8875c235117d0e10aababf4491a126d30f4fd2539782d,inventory_sell,m60
ItemSell_TrangVatPham/m61.PNG,ItemSell_TrangVatPham,m61.PNG,37,26,2960,ae84665e23deac1fc38900c9626decc0e44c0931275d08e64461ff9d6edfdb4d,inventory_sell,m61
ItemSell_TrangVatPham/m62.PNG,ItemSell_TrangVatPham,m62.PNG,36,25,2717,4f1d5adab3e5ea1439055ee05062ee38634e0554e587cfd8fae6ddf6295da4cf,inventory_sell,m62
ItemSell_TrangVatPham/m63.PNG,ItemSell_TrangVatPham,m63.PNG,37,28,3243,2a0c7f0e2d1f121659827f839c17e4ec688da7d6e19a45114ca5257ad8ea286b,inventory_sell,m63
ItemSell_TrangVatPham/m64.PNG,ItemSell_TrangVatPham,m64.PNG,38,25,3203,c369b7647ea3d33d651955046c517b51190798ffadee7cbe820f15e0600f2773,inventory_sell,m64
ItemSell_TrangVatPham/m66.PNG,ItemSell_TrangVatPham,m66.PNG,37,20,2351,50963f15038b817006a0f73592bd292b2b3927853e0f1129feea39968ad5a240,inventory_sell,m66
ItemSell_TrangVatPham/m7.PNG,ItemSell_TrangVatPham,m7.PNG,34,26,2574,4f6767d18dbe2e79f0cc1c949c8e58b436b3c042e24ea16806c198f6a181b1b4,inventory_sell,m7
ItemSell_TrangVatPham/m8.PNG,ItemSell_TrangVatPham,m8.PNG,40,24,3079,326c10770b0bc4ea8ec69b54f1ea2b004d4d9d10c9741e883290e0c9b1a19f46,inventory_sell,m8
ItemSell_TrangVatPham/m9.PNG,ItemSell_TrangVatPham,m9.PNG,37,25,2977,6a44463a687165c8cf00322f61c17557f0406714f164f0e337207b9f2caf9e30,inventory_sell,m9
ItemSell_TrangVatPham/q1.PNG,ItemSell_TrangVatPham,q1.PNG,38,18,1880,432aef2e892cabe9b67474347164a1e9d5309d88c4863abb1c67b012c83115c4,inventory_sell,q1
ItemSell_TrangVatPham/q1q1q2.PNG,ItemSell_TrangVatPham,q1q1q2.PNG,138,68,25310,473728e90d695823ff8d91ad5efb6689f6dbdd77b399b0e431d7f7367bf539e9,inventory_sell,q1q1q2
ItemSell_TrangVatPham/q2.PNG,ItemSell_TrangVatPham,q2.PNG,36,16,1943,a57cae95b07d2a66eca0d6f9b27acb0a19b5ae34e2eed08a0e2197e515f5cc34,inventory_sell,q2
ItemSell_TrangVatPham/q22q2.PNG,ItemSell_TrangVatPham,q22q2.PNG,145,65,26939,5daa0d4d384410bea26f9b0744ad22a80829b1de9a3288640d371c726b36b3a8,inventory_sell,q22q2
ItemSell_TrangVatPham/q2qe1e1.PNG,ItemSell_TrangVatPham,q2qe1e1.PNG,139,55,21373,e26c800ac40a03210d9bab5c1e9e26a19fae0ccba79e3e564c0d81d5a7dcd720,inventory_sell,q2qe1e1
ItemSell_TrangVatPham/q3.PNG,ItemSell_TrangVatPham,q3.PNG,35,19,2169,13a393cf10527205e9c4e88e62d61f21c782cc046851e1f37a7fcc1134f036fb,inventory_sell,q3
ItemSell_TrangVatPham/q4.PNG,ItemSell_TrangVatPham,q4.PNG,34,20,2237,3c09da391892172be851ac0b933818641061464be3691f90012d186c74e301a2,inventory_sell,q4
ItemSell_TrangVatPham/q5.PNG,ItemSell_TrangVatPham,q5.PNG,38,21,2174,72c8f3de5355c5f48f057aafddb34a41debdb13642d2721a8190ea194ef6fdbd,inventory_sell,q5
ItemSell_TrangVatPham/q6.PNG,ItemSell_TrangVatPham,q6.PNG,39,23,2475,11d807f85bab30650c30f4c41ca6aa235a88296a42f3b818144e15386151adf9,inventory_sell,q6
ItemSell_TrangVatPham/q7.PNG,ItemSell_TrangVatPham,q7.PNG,34,19,2256,41cc0e5bb0d58016a85fe1fbe308cc9722f6af5b87fc12a7764fa94b676ba940,inventory_sell,q7
ItemSell_TrangVatPham/q8.PNG,ItemSell_TrangVatPham,q8.PNG,35,19,2035,780d1d496ffa0d3d6a9a4d0b7d542b011755bd6c6b26e27f6e6667fcaf5a65f7,inventory_sell,q8
ItemSell_TrangVatPham/qdqdq12.PNG,ItemSell_TrangVatPham,qdqdq12.PNG,138,70,31435,fb1e0b6e1bd3cb6d0ce3e79092f5c012a00cb4ba7239ddc7354ea968dad508d8,inventory_sell,qdqdq12
ItemSell_TrangVatPham/qq1.PNG,ItemSell_TrangVatPham,qq1.PNG,141,74,16138,625ac12efb060db185f110bc817a63dc586f9d520749120c96dc9210dfd60c58,inventory_sell,qq1
ItemSell_TrangVatPham/qq2.PNG,ItemSell_TrangVatPham,qq2.PNG,143,68,27136,5695ef3e5044aade4d357f25ec54eff0918a532a3a2f6e45146365007dc64f67,inventory_sell,qq2
ItemSell_TrangVatPham/qq3.PNG,ItemSell_TrangVatPham,qq3.PNG,148,75,35516,aabff83ba2996e0bb627f93efda4ead40348ef5333b42eed275b385e95b9aa40,inventory_sell,qq3
ItemSell_TrangVatPham/qqq3.PNG,ItemSell_TrangVatPham,qqq3.PNG,141,70,30465,b8560369d8c8d62d3767a3bb1a2f04fc46cf61146f97c42ffa01b9cacd1df06d,inventory_sell,qqq3
ItemSell_TrangVatPham/qqqq4.PNG,ItemSell_TrangVatPham,qqqq4.PNG,140,65,24215,c7abc7b1512978f94ea1a7fc79090ef0e8665f5a008e02962195cfbf11cbb961,inventory_sell,qqqq4
ItemSell_TrangVatPham/qwdq1.PNG,ItemSell_TrangVatPham,qwdq1.PNG,141,68,24766,173f8f25ae153cb4ac44d36892632be7a7f0617b7e5e86b11952db8af7dd13b5,inventory_sell,qwdq1
ItemSell_TrangVatPham/rac1.PNG,ItemSell_TrangVatPham,rac1.PNG,37,22,2797,59c4a9ed90d216bc05e2a0a8dc738564bb8f509c46730f2c0c5d04f3dc10aad6,inventory_sell,rac1
ItemSell_TrangVatPham/rac2.PNG,ItemSell_TrangVatPham,rac2.PNG,37,37,4192,ad4db15b36d83af723058dbe58be5d0e9ffad2db74afcedd7976ecf0df781a67,inventory_sell,rac2
ItemSell_TrangVatPham/rac3.PNG,ItemSell_TrangVatPham,rac3.PNG,37,21,2632,bdf2ddd2a5a8e262e997b7b7bb56abee784d254d015827bb90fd3c6d80bfb03a,inventory_sell,rac3
ItemSell_TrangVatPham/v1.PNG,ItemSell_TrangVatPham,v1.PNG,35,19,2158,bcf83c0eb788bb964f2d0dfb5d331ab302b4b43baf7cd73b286d9d74d838cc90,inventory_sell,v1
ItemSell_TrangVatPham/vang1.PNG,ItemSell_TrangVatPham,vang1.PNG,18,28,1764,a82ddc21e5b184ef699895b4ad24b72820640f97416ecd4c25d2fe0d358c97be,inventory_sell,vang1
ItemSell_TrangVatPham/vang2.PNG,ItemSell_TrangVatPham,vang2.PNG,16,32,1609,d64c631595a60a1ee9fc504e7fb7f71a8f0466a923bdbbf611b4049d35517e31,inventory_sell,vang2
ItemSell_TrangVatPham/vang3.PNG,ItemSell_TrangVatPham,vang3.PNG,21,19,1422,462beafd167724adb83c8f073dc12b915659efe46a5aa0701695ce3b0f33c32f,inventory_sell,vang3
ItemSell_TrangVatPham/vvvvwvewve.PNG,ItemSell_TrangVatPham,vvvvwvewve.PNG,38,20,2534,719379fc49d00205e66463ad3be6c6dce1f0f4bfd7139c41a02ba278e3c304c6,inventory_sell,vvvvwvewve
ItemSell_TrangVatPham/vvwdvw v.PNG,ItemSell_TrangVatPham,vvwdvw v.PNG,37,23,3002,7f0590f32ec92425fefc37c532f227558572bd10caa8c80a1da75a991364777b,inventory_sell,vvwdvw v
ItemSell_TrangVatPham/ww1.PNG,ItemSell_TrangVatPham,ww1.PNG,38,21,2540,b65dfb33ef0fdf33d1f2bb68cb99c2a78779cb7cc01d99236a7bb6f2a8e90f3f,inventory_sell,ww1
ItemSell_TrangVatPham/wwq12.PNG,ItemSell_TrangVatPham,wwq12.PNG,37,19,2329,09d096f690cf73eace3c10a191a56c6f73ee0de329864dd12858a2263ce2b9bd,inventory_sell,wwq12
ItemSell_TrangVatPham/www1.PNG,ItemSell_TrangVatPham,www1.PNG,146,74,30207,9a1da962edc47ee0e2a66aded289c6abdfd1ef276ac0f99d2dc0360bb72d2a15,inventory_sell,www1
ItemSell_TrangVatPham/z1.PNG,ItemSell_TrangVatPham,z1.PNG,35,18,2071,dcee49c132b5d133122aa126544d2edcd87741b070694082efd846dc6fb5f9fc,inventory_sell,z1
ItemSell_TrangVatPham/z2.PNG,ItemSell_TrangVatPham,z2.PNG,37,17,2025,22c186ea656948f8824d28c9e202f4ab7bc59b331eeced632cc5b414931cf792,inventory_sell,z2
ItemSell_TrangVatPham/z3.PNG,ItemSell_TrangVatPham,z3.PNG,34,19,2145,759113c7225fd213b8d2b194c19884674bb95d84d91ff1c7cec16cb3649c4a1c,inventory_sell,z3
ItemSell_TrangVatPham/z4.PNG,ItemSell_TrangVatPham,z4.PNG,38,17,2016,e3e0f7f46c0595af7f619d7f4cd5cd3e5f779dc124eb0f622b08887cfa5386c4,inventory_sell,z4
ItemSell_TrangVatPham/z5.PNG,ItemSell_TrangVatPham,z5.PNG,38,18,2122,a03b1903181b5eeb4300ccb3ded6bb6f6acb94f1e48b977dd92b1c18001df44b,inventory_sell,z5
ItemSell_TrangVatPham/z6.PNG,ItemSell_TrangVatPham,z6.PNG,36,14,1665,b5a7401215cdf29b79dee3fc9ec1ba3e9360f2d8a1bfe084149c727da595009d,inventory_sell,z6
ItemSell_TrangVatPham/z7.PNG,ItemSell_TrangVatPham,z7.PNG,38,12,1504,f8e744c458ea29b2114ccc8d9cdeeff295b612e93c35b173bc3ee874fabfe9ae,inventory_sell,z7
ItemSell_TrangVatPham/z8.PNG,ItemSell_TrangVatPham,z8.PNG,36,15,1767,ac1a21704b9561ebefcd91fd3531bb88ceafd2c22e5144fcfe8097bf36d332ea,inventory_sell,z8
ItemSell_TrangVatPham/zxczx1.PNG,ItemSell_TrangVatPham,zxczx1.PNG,32,21,2236,bb43f580bd19994dcd337254a658b0b1df19479d01c2287c2c6a40fb70fb1de6,inventory_sell,zxczx1
Item_vaokho/01.PNG,Item_vaokho,01.PNG,36,39,4028,b508c8dcf85677d3dc28a95e2dc3aa167314a0a5f0fc37c23c807a937e43ed29,storage,01
Item_vaokho/1.PNG,Item_vaokho,1.PNG,25,25,2065,34ee56488220a80a31976fab88b979fef7a05f70de4f612d93e417188f4e0686,storage,1
Item_vaokho/10.PNG.PNG,Item_vaokho,10.PNG.PNG,34,35,3592,4a664a89185112f42ec45b70f74c9a96e295a7a8d644efbe7f6e51596ee1414d,storage,10.PNG
Item_vaokho/11.PNG.PNG,Item_vaokho,11.PNG.PNG,33,39,3369,fcec35331e7f98546a5e125349ac8bf8b73eddb191919e18423c03320345c0da,storage,11.PNG
Item_vaokho/12.PNG.PNG,Item_vaokho,12.PNG.PNG,39,36,3899,3d8edd1c573c6eeb1e0cba1d7d58ccf55e4b2991ee955443e21e952c7a2f11c8,storage,12.PNG
Item_vaokho/13.PNG.PNG,Item_vaokho,13.PNG.PNG,34,37,3489,c224b279b8ef38339a5db8e47f69e85e775814a46b893330bad31a2eb88538f0,storage,13.PNG
Item_vaokho/14.PNG.PNG,Item_vaokho,14.PNG.PNG,38,39,4342,2c25c88e22951b8c7f18e298c05cbaafdddbe9b265d9e0267e3a5e8b23829fbb,storage,14.PNG
Item_vaokho/15.PNG.PNG,Item_vaokho,15.PNG.PNG,36,37,3433,1ecb5be142a46d8e5627a4943a5c31ffdb8e6a8d53134e6bc0832d6b7effd7c3,storage,15.PNG
Item_vaokho/16.PNG.PNG,Item_vaokho,16.PNG.PNG,36,37,3773,386dcd2a1d3287561b15f666f084b000ebab9ff0aeca21f749a748bf435ae563,storage,16.PNG
Item_vaokho/17.PNG.PNG,Item_vaokho,17.PNG.PNG,36,38,3894,9681a19f0a51ba1073d076c203c9a02c5ccdc808cfd40f72849cb93ffe49b5d7,storage,17.PNG
Item_vaokho/18.PNG.PNG,Item_vaokho,18.PNG.PNG,38,38,4197,d36cb949c695bf2590a6ca8ef889138b5aedb9e35939edad359e422cad353fbf,storage,18.PNG
Item_vaokho/2.PNG.PNG,Item_vaokho,2.PNG.PNG,36,37,3738,e534d2cb17e24993333940239b88e698a4c710a720c18dd82cb92538e1401499,storage,2.PNG
Item_vaokho/3.PNG.PNG,Item_vaokho,3.PNG.PNG,33,35,3394,4d7376ddc939332a012dd7f1a209445e232b38ec5c483208c5ce9de6b36fcdf0,storage,3.PNG
Item_vaokho/4.PNG.PNG,Item_vaokho,4.PNG.PNG,37,42,4234,d8abb2b4795a0ce0690ab7815ab757ec0b058153526fa05c6574bfb166871a26,storage,4.PNG
Item_vaokho/5.PNG.PNG,Item_vaokho,5.PNG.PNG,38,37,4200,0612b7470f373a2eae48bbb39be848047f87887bd4e3f33ca63ea53cae6b85c8,storage,5.PNG
Item_vaokho/6.PNG.PNG,Item_vaokho,6.PNG.PNG,36,34,3802,396cd4b75a77667511ef4c1921376aea723e19607dc3a33a116bdb68664a4bc1,storage,6.PNG
Item_vaokho/7.PNG.PNG,Item_vaokho,7.PNG.PNG,40,39,4561,ac244357e20afb55b8a1c2edcfe20404ca9a35c346d3a3b3d3eadfb038d5fc42,storage,7.PNG
Item_vaokho/8.PNG.PNG,Item_vaokho,8.PNG.PNG,38,42,3439,3c05548aaced201fc10520510a5cc640b909f0a84419a34f16ec65f36f963fee,storage,8.PNG
Item_vaokho/9.PNG.PNG,Item_vaokho,9.PNG.PNG,33,38,3790,032a9e9c54889ead6e220099503e9f87b870e97d5ff15197c53b160e51dffbd8,storage,9.PNG
KEY_KHO/1.PNG,KEY_KHO,1.PNG,57,12,1457,532824092b4d9f105a16f947ed3c1f4fa74659ee5a23ff6e96d83483cc7acfca,storage,1
OUT_KHO/1.PNG,OUT_KHO,1.PNG,27,23,2038,b57fc1ea38ec6e0124f7c181bb302d64cdd4c92011aa94bd7fea9adedad8483a,storage,1
OUT_KHO/layra.PNG,OUT_KHO,layra.PNG,41,16,1058,4e17501c548de3bde00124dc1846aaae41d2222d0ed0986a9797c8c099746ce1,storage,layra
PT/1.PNG,PT,1.PNG,53,16,820,429f9d202bfd4b9db6f188cb047df5d168f25e2b9b4c27fc08a64a7037faea4c,party_follow,1
PT/10.PNG,PT,10.PNG,40,15,754,cfe8b1edd58ccff87fc6ecaba6b0b98c08d9641c174779385a90d1f1467bb014,party_follow,10
PT/11.PNG,PT,11.PNG,38,14,678,b15b7bcd31ff0994dd5e0fd612241d2fd7ffde00fb01e6069aeb40b1d3760522,party_follow,11
PT/12.PNG,PT,12.PNG,32,13,639,0a835015fe957102ef4c9cea43a0ff072133703efa59e2af38c2764bce74aef2,party_follow,12
PT/13.PNG,PT,13.PNG,51,13,837,0b28deaa271fe51d3fa49af1c335a94a7212b9359393289279c0b95fb05101e4,party_follow,13
PT/14.PNG,PT,14.PNG,55,13,982,58b1c01c2e5ab449005c1ffae708ea2741476958f2db36901daf9a1763b767fe,party_follow,14
PT/15.PNG,PT,15.PNG,36,15,658,ded0cae6db58fd92a586bfa5deb5d25c64d1ca45929350a18a26a57ed3eb837b,party_follow,15
PT/16.PNG,PT,16.PNG,67,15,1104,d848d93ff3e996cce26ee5e402f9a4d6572d36edbc45036536616df196c3b2fa,party_follow,16
PT/17.PNG,PT,17.PNG,45,12,914,c752334445cd81b9c8fad511f36425550eb0eec76c0999413899b1dacda680e2,party_follow,17
PT/18.PNG,PT,18.PNG,68,13,1141,cc35838741d31184f9312213cb8a20358ae44dee31f9c313c761c9b53aa28f70,party_follow,18
PT/19.PNG,PT,19.PNG,65,12,1061,f1889966283a5db90f9011b558e98993ab12176e97345ba92ca5e3c76eabb7eb,party_follow,19
PT/2.PNG,PT,2.PNG,54,13,1067,da877a70c7bc9209e0be391f67d49acb3543d77bc7daf0e1583d7189179e46e0,party_follow,2
PT/20.PNG,PT,20.PNG,48,10,927,3930de9b397e724f643f6e186cf9e8cc1c2eeec0780cfac66ad42ddc51e4228a,party_follow,20
PT/21.PNG,PT,21.PNG,58,13,1064,e2d6657386ad680eb6ec9acfb29a8933b36feb0484eae14d27229453ac4d396e,party_follow,21
PT/22.PNG,PT,22.PNG,69,12,1152,b50858264e8d3b3f99e8234cf873abcad0f612f059980c6bd4eade3affabb49e,party_follow,22
PT/23.PNG,PT,23.PNG,59,13,989,25fd6dcd764be62f0fd9f01431c68874acb5e3a32a83b159fa170515d8ba30cf,party_follow,23
PT/24.PNG,PT,24.PNG,56,13,926,db20b12c3343eefaf0ed62f16818e08c557010cd1d06349f692f8646aa6bd145,party_follow,24
PT/25.PNG,PT,25.PNG,62,14,1141,5b1b34159970518b136fb1dffce5baa0c32379b0716c8045d1b1c09368151f39,party_follow,25
PT/26.PNG,PT,26.PNG,71,11,1185,7dc26ce2e749e88005210eef72e39ab96185e42a6cf0c4d58fc15d0c3a1ad83f,party_follow,26
PT/27.PNG,PT,27.PNG,54,13,935,c44fa3e98e95f2b9a86e9ae598003c96e966c4de8daa185df0aa47b89e1516fa,party_follow,27
PT/28.PNG,PT,28.PNG,51,13,948,5f8a6bcd08caacb42016a8449d4d9618cce3028305916ba28c580322bc477d80,party_follow,28
PT/29.PNG,PT,29.PNG,57,13,950,c72c075f81805702ce43ff3702c3b5eb46b0a1ba30da10fe1110788664f27a25,party_follow,29
PT/3.PNG,PT,3.PNG,43,13,799,8a6cfa3db034c3873424a1b5a46397752bb8ed1fd976d9a24a7fef87bd5919d1,party_follow,3
PT/30.PNG,PT,30.PNG,58,12,1023,df011662621e62ef11a893b2c8ecc264d1c87ea0cfc42ebeca68401a84945043,party_follow,30
PT/31.PNG,PT,31.PNG,69,13,1129,dbe43416beb2618c5c5eaaa8836d56f2ad11038ec7472c54db653d8af4a0f1e7,party_follow,31
PT/32.PNG,PT,32.PNG,40,13,769,3ad2645751d8f9849e9531f82a6a92704e46245d51f210cf692b7b8e197605e9,party_follow,32
PT/33.PNG,PT,33.PNG,41,14,777,661c35fa7e3a6562dc6a40c5902bd6e64f444cfadde4e44084d87a9466a9f537,party_follow,33
PT/34.PNG,PT,34.PNG,43,13,764,dccd2e88c07dd9f2fcce6144067923f69111a3ef91090aa79161a8992342164f,party_follow,34
PT/35.PNG,PT,35.PNG,47,12,853,3d92b739e0fc9cc73bf97fe8c1e270b385c24f20eaf13e197852c3d178d43f94,party_follow,35
PT/4.PNG,PT,4.PNG,38,12,765,7323205e818fd96e28f5a45aa9ef8611f85be90d6ae73ba4f7c40a62a07220ef,party_follow,4
PT/5.PNG,PT,5.PNG,56,13,1010,48967ff947efeb2fed67b98f15f615706f234787b6d11ab72eb30de24f5b016f,party_follow,5
PT/6.PNG,PT,6.PNG,48,14,899,563cd1957753570dc702326ef1e831a7d4266567eff898b64aa9f2a94130b48f,party_follow,6
PT/7.PNG,PT,7.PNG,45,13,761,e1c7e3c8e935e6575cf5d439bd4a3d858108fdc76a8872b51f6dc268d3df6fef,party_follow,7
PT/8.PNG,PT,8.PNG,39,11,741,b55fa1561183972e1f5ad2b452a6c1f0475381c29f1cc3065dc2fcb9df5991c8,party_follow,8
PT/9.PNG,PT,9.PNG,43,12,659,f901bae0275e92c9bbf9baadde1ae5c402a20d1bed955770e80a51af0f5fcbf4,party_follow,9
hoatdong/0.PNG,hoatdong,0.PNG,20,18,663,2d835e811f76da14dece38b24a314c95c5ffeca342d57fa48c7d12fdaeac5f7a,,0
hoatdong/00.PNG,hoatdong,00.PNG,70,17,1817,90f419927d64b2caef4c9243349695623bfea43d184500b29c813481abf5591f,,00
hoatdong/000mohinhbangpain_rechuottoivitrimuonchon.png,hoatdong,000mohinhbangpain_rechuottoivitrimuonchon.png,963,573,910873,3cecf690b857fadba47bffc029b4ecb77449385e8a5688322714da98844f4d79,,000mohinhbangpain_rechuottoivitrimuonchon
hoatdong/10.PNG,hoatdong,10.PNG,26,15,507,11d64ece8d6bfcef59cb6ed0b36232070da030ea5a3ef0dd8ed5a6c154d2984f,,10
hoatdong/100.PNG,hoatdong,100.PNG,27,14,628,bd2f991fbbcdd4bc58c4d9707232017a2602502ae01f1cef2415b1d952067c40,,100
hoatdong/1000.PNG,hoatdong,1000.PNG,44,16,784,4674750aa99ea0e0aa1fe985e05a62aaee1a29bdbe0ae99ba4fc6b0927f7578e,,1000
hoatdong/200.PNG,hoatdong,200.PNG,26,15,726,d017fcca0fc32c6dcac5f8fbcf391bb2251c56db504b4fc4669f220f954b4889,,200
hoatdong/300.PNG,hoatdong,300.PNG,27,16,714,4c3dcbafcf690c68698f4f396f72336a0215a6c8c26032a110f3d5aa5c0957c5,,300
hoatdong/3cham.PNG,hoatdong,3cham.PNG,35,16,1573,5d164383638ab49e72bb3afc2ad4fc5cfcf6a3e0c3312c96df4f75a86d12f02b,,3cham
hoatdong/3cham1.PNG,hoatdong,3cham1.PNG,30,14,1050,a1ba65bd299031f71993a2730a140ce6df230c0fa9e343a9e2432f9e291e3e17,,3cham1
hoatdong/4.PNG,hoatdong,4.PNG,22,21,346,40fe20e2edcea0c7dcc3e485fea73f535d02e090d67c9e08d5a1a433c1ddf627,,4
hoatdong/400.PNG,hoatdong,400.PNG,24,18,688,d5c775dd637e893556619231255acdbd058916ab03156c7dca6b5bf10a01c52f,,400
hoatdong/50.PNG,hoatdong,50.PNG,29,14,585,7554c8a5387667ca22410e095098c6b70c90c30b35cc0ce26088c57229c444ce,,50
hoatdong/500.PNG,hoatdong,500.PNG,28,15,711,e6db384176320f5fa2793d2d61d0c004b67e3a5b830d81fe77c3539913a3a966,,500
hoatdong/70.PNG,hoatdong,70.PNG,27,17,433,1a87c139fc20ca602cece880b8d0d6a3799ad70eef4018b3a6db3e14972498a9,,70
hoatdong/80.PNG,hoatdong,80.PNG,23,17,463,98414ad3bd56c7de246087814714a861c328e6a38031f474b85cb778dae8d259,,80
hoatdong/DONGYVAOPT.PNG,hoatdong,DONGYVAOPT.PNG,41,15,1990,2d0847b9894bb1e3cb2c7ae40e7858168210effb059c0e0d45f6661c0f0f8aec,,DONGYVAOPT
hoatdong/TG.PNG,hoatdong,TG.PNG,35,18,1166,a48674381795fca411ca0b2fade20827b5f04c394addd55b73d27f27d9aab947,,TG
hoatdong/a1.png,hoatdong,a1.png,14,14,720,a928932eb3eb6b4005137852cde8f11a44c81b57847623265e6f4c4efa14e2e2,,a1
hoatdong/a2.PNG,hoatdong,a2.PNG,20,21,1445,a58a33668c0dd4a8b3070cbbc616e7e2bb0aa0b9448a73a63f17a1ed175e035f,,a2
hoatdong/anphu.PNG,hoatdong,anphu.PNG,26,22,2009,fd8d01f0db738bfb40f23b3b2f549894378f047c57070e6a837752d3fcb365b8,,anphu
hoatdong/autonv.PNG,hoatdong,autonv.PNG,18,21,1322,819a360a8acedc33c0424b4b8b317e0397543c1eb4e1d96947f5753aab651d81,,autonv
hoatdong/avt.PNG,hoatdong,avt.PNG,16,17,761,e78df666447bb54dc10e00cf4497338ce15d4910c05fe809e29e8601531fb12c,,avt
hoatdong/baclieutay.PNG,hoatdong,baclieutay.PNG,27,24,1831,95388d19aaa58178aa39ed15ee44f5b0b9255059b183fb71672dedbdcf460611,,baclieutay
hoatdong/baisu.PNG,hoatdong,baisu.PNG,35,17,719,e876d4d7115d477dea83467f96ed04df4ff921ef4aea9c8fb4d3487edc519bb1,,baisu
hoatdong/ban.PNG,hoatdong,ban.PNG,23,16,793,8902e620ccc3d82e0c5d50f43b1203f8d9bdf9bcf9859ebe19816330367fbe82,,ban
hoatdong/ban1.PNG,hoatdong,ban1.PNG,33,19,836,2e9cdd54278ee39ece15a236fac23bf670b5ecf63fcdf75a9798fc29751e35e2,,ban1
hoatdong/bando.PNG,hoatdong,bando.PNG,43,18,1055,1d0714cda27adb46fa34ea7b6a43aad0e3e1b52cbf0de75c985e3e56842a537e,,bando
hoatdong/bangbando.PNG,hoatdong,bangbando.PNG,63,13,2032,a00dda202f5783ac9ad85e739946f1df8ae21fe687bd88fd4399cbd9d94be6fe,,bangbando
hoatdong/bangcaidat.PNG,hoatdong,bangcaidat.PNG,89,16,4246,42616673e647105e378a9078d8c2e1daaef19be25c7d5b9dd759d2786e4141b7,,bangcaidat
hoatdong/bangcaptcha.PNG,hoatdong,bangcaptcha.PNG,70,14,1237,97b075d05227cd33e47e89bafde5a30a895445a47d3e9f42f5e30949a1fd624f,captcha,bangcaptcha
hoatdong/bangchat.PNG,hoatdong,bangchat.PNG,52,16,905,4d00c0c99db393f9f169746ccd12cfef9dc56b590a2a8bda942ade8ccabce7c6,,bangchat
hoatdong/bangchuyenvang.PNG,hoatdong,bangchuyenvang.PNG,55,14,1100,7842236bb661b51288873180d2536d0517ff3fb50020471857447f5f0f64b009,trade_transfer,bangchuyenvang
hoatdong/bangdanhsachquai.PNG,hoatdong,bangdanhsachquai.PNG,88,13,3432,4284dd7db94b24abb81c972316206a054fcebfe8be2bd2692f275b83ac4c7e2a,train_combat,bangdanhsachquai
hoatdong/banggd.PNG,hoatdong,banggd.PNG,51,16,2046,243bcfd8b9cdf4a1020de39d72995ba98db4d89980342d6fee6b47aec77ea476,,banggd
hoatdong/banglocdo.PNG,hoatdong,banglocdo.PNG,50,14,1072,553cde2753922a763fa1d7a0709680226d338d4542b294175c77aff31c85c991,,banglocdo
hoatdong/bangmoigd.PNG,hoatdong,bangmoigd.PNG,47,14,946,a99c6bde3f99dcf628b711ab73cc26e616a27d1102e302e58fa18993fc521349,,bangmoigd
hoatdong/bangmoipt.PNG,hoatdong,bangmoipt.PNG,39,20,1892,9fa1ed77a81a3f0b140f88ff49161b2dcaa484516839e9d7be006640488c8d82,,bangmoipt
hoatdong/bangnhanvat.PNG,hoatdong,bangnhanvat.PNG,36,15,1385,d7baab8b5ef897b954f5d577b8da7473447540cda77cee62ce517fee942e5aa6,,bangnhanvat
hoatdong/bangthongtin.PNG,hoatdong,bangthongtin.PNG,60,15,1121,e659d6ff42e0bd809c0c53ee3de933613313933ee04d80b20f8d984b5317d424,,bangthongtin
hoatdong/bangvatpham.PNG,hoatdong,bangvatpham.PNG,79,11,2762,00d998aa0560d240367c701e8574915f8c82ee292731234aa11bff66b7a4d233,,bangvatpham
hoatdong/bangxindoi.PNG,hoatdong,bangxindoi.PNG,64,15,2299,78181d544f11446bbb3697ea7fca7e9bcf14fbdddbb9e3d1ae212c3db158680c,,bangxindoi
hoatdong/bangxinpt.PNG,hoatdong,bangxinpt.PNG,37,21,1961,a2e7c8eac6a639b97dd2b7e7006c9ab6d669081fad86ac8859fad2d2d1424f9d,,bangxinpt
hoatdong/banvatpham.PNG,hoatdong,banvatpham.PNG,24,23,1593,ab0895004498e148cdb39d96decc0d51b846e01b7183cad2a697afd1b9f679a1,,banvatpham
hoatdong/batautonv.PNG,hoatdong,batautonv.PNG,23,20,1401,1b1a1da04c70a5e02e274db99add4ad1608abc09807c866a2673ad8f37417f86,,batautonv
hoatdong/batchat.PNG,hoatdong,batchat.PNG,17,21,1141,039c68b5fb3668681afbc8cc3994cf8711dccd720d8a6c94de041e2c3c10b903,,batchat
hoatdong/bietroi.PNG,hoatdong,bietroi.PNG,50,15,2306,6a0818450c8d0f2f7f5961b32649d08b6cf7d70df528334347c5297c9b90ea86,,bietroi
hoatdong/bodau.PNG,hoatdong,bodau.PNG,37,16,766,150abfa728b4bbb77c1aac8ff18f141fd94902a41611635fa980dde9ea097653,,bodau
hoatdong/bossat.PNG,hoatdong,bossat.PNG,21,20,1521,5d1fd95f751bedb633246ff6982a3c1cb1e5c140dbb24447b0539d9e140d8baa,,bossat
hoatdong/bosstbd1.PNG,hoatdong,bosstbd1.PNG,27,24,2313,d4f1a3e45e7f209b94d02350d6716e47ec7ce6de4a937a2a0bd6e06b95b8071f,,bosstbd1
hoatdong/camlam.PNG,hoatdong,camlam.PNG,45,14,759,c215d67523af9dc03f9316ddbdef7ea8e90691ab25195386f58fb6bffee07ef3,,camlam
hoatdong/cat.PNG,hoatdong,cat.PNG,40,15,1252,cc614e4f1adfba9614e96b0c8a1605aa383a9e255328365f770032a7745527cf,,cat
hoatdong/chatpt.PNG,hoatdong,chatpt.PNG,37,17,1972,dede29aa7808f37e30749903d46e0d58fc02f3fb667895d9251d86b1777c8197,,chatpt
hoatdong/chencom.PNG,hoatdong,chencom.PNG,59,14,1260,ea7abbde376c53946c5532022d5f41c65099cb9ef9aa4ffa50e83a167f78a81b,,chencom
hoatdong/chonhp.PNG,hoatdong,chonhp.PNG,40,13,1718,1fa9302d2715eede97e0c4d5b491d2b6785c3598eda9b6a1f0ae231464332095,,chonhp
hoatdong/chonkinang.PNG,hoatdong,chonkinang.PNG,70,15,3117,01cbcb2b7d1f9ad523d944bf88286045eed18f249d7e1dc25db83f75adb8a7d0,,chonkinang
hoatdong/chonmp.PNG,hoatdong,chonmp.PNG,39,11,1495,143cbe3d290fc235b248e36956a1e3551cb8db118d110f0c2a0d2634a34fb250,,chonmp
hoatdong/chonphu.PNG,hoatdong,chonphu.PNG,51,13,1243,a3facdd2282def5a0fbeda19592162c4616e8ee64197b37cd9c1fd85604613ff,,chonphu
hoatdong/chuahoanthanh.PNG,hoatdong,chuahoanthanh.PNG,68,11,1072,93ae20eb352f2a2722f14b3a68ba857cb96e8481b64e8770d218c1b1e022961f,,chuahoanthanh
hoatdong/chuahoanthanh1.PNG,hoatdong,chuahoanthanh1.PNG,73,11,1088,9289d8d3ce72d102dd8bd2924a85eafcdcecec192932c2f0c7b90a53048dd6b1,,chuahoanthanh1
hoatdong/chuavaopt.PNG,hoatdong,chuavaopt.PNG,26,21,915,a00e4d636de8347bfd62c94174c471f285da330193636ae875e3b4cf78423602,,chuavaopt
hoatdong/click1.PNG,hoatdong,click1.PNG,30,25,1235,a6dea58d47fb706518c81236ae294560d642491712b1b963fa27306069a236e0,,click1
hoatdong/clickcode.PNG,hoatdong,clickcode.PNG,76,17,3747,1b971e5cadc676c123002a1a8cfbf72aca191f29f6dd0fd16df2e6a2886905b5,captcha,clickcode
hoatdong/clickdanhancoc.PNG,hoatdong,clickdanhancoc.PNG,29,20,1677,8e3579d6cde5273bc9b9a95756d1665d71b06e7992d9d84afe676345264322dd,,clickdanhancoc
hoatdong/clickdaohoa.PNG,hoatdong,clickdaohoa.PNG,36,15,1662,d577f81ec4f36d4cff4dbd02679abaa5a208a7c38cbd1bcc4d0c411c7208bef6,,clickdaohoa
hoatdong/clickdiemho.PNG,hoatdong,clickdiemho.PNG,26,21,1772,353c53d7f0af28c5d1a9817caae646cbef8fd00b688735bfd64559d7e999c63a,,clickdiemho
hoatdong/clickhoanglong.PNG,hoatdong,clickhoanglong.PNG,35,23,2293,e1e5e5bb0208d7dc03fab31680d3ff8c84208de832e9707b161419adf09a0fe5,,clickhoanglong
hoatdong/clickkenhtodoi.PNG,hoatdong,clickkenhtodoi.PNG,42,15,944,88d5c28740445a67c6af695e5980edd63a074bc3d0f83dd8d0f5df704b76275e,,clickkenhtodoi
hoatdong/clicklacduong.PNG,hoatdong,clicklacduong.PNG,32,22,2315,3400fd41bfff0d14536298863d4c08e857a5ebc9697af4b068d4d7457bfc63bd,,clicklacduong
hoatdong/clicklieutay.PNG,hoatdong,clicklieutay.PNG,26,26,2001,0a9078c11647d8c0acf20bf2dad766bd6a4d730960219934c92d977d80c8b6e0,,clicklieutay
hoatdong/clicklongtuyen.PNG,hoatdong,clicklongtuyen.PNG,28,24,2191,18dc02f726109a2556be447bf7cc4c01c9679df41bdf854c62929928f8b4ac7c,,clicklongtuyen
hoatdong/clickmieucuong.PNG,hoatdong,clickmieucuong.PNG,32,21,2165,034fad151248f48c054c81fe66284779bff43c4f8fae82127cee153648d3a12e,,clickmieucuong
hoatdong/clicknamchieu.PNG,hoatdong,clicknamchieu.PNG,28,23,2033,3c2b7f777c0793e2358678d6ddfa11992c734eebf44d521883b2b2e920611eb5,,clicknamchieu
hoatdong/clicknamhai.PNG,hoatdong,clicknamhai.PNG,23,27,2071,c451bbc072935f92d64e9bc9779716b52a5e090f645badf365ecd8829dabb99c,,clicknamhai
hoatdong/clickngockhe.PNG,hoatdong,clickngockhe.PNG,30,20,1835,b13600c555f32b55d2c303ff13f7ef1e72354631b288c816d9f2627249308122,,clickngockhe
hoatdong/clicknhapma.PNG,hoatdong,clicknhapma.PNG,72,15,1213,37e4283fe936bb7a9ee403a3cddaa958f8393d03fc9da75ea2b95f8ce63bdd69,,clicknhapma
hoatdong/clicknhihai.PNG,hoatdong,clicknhihai.PNG,24,24,1701,2628ef6bdd20a3ff721ecdc706553b762cb4bc5fe5ab0d17eee52ba44e020687,,clicknhihai
hoatdong/clickquynhchau.PNG,hoatdong,clickquynhchau.PNG,29,15,1362,9ebebc1f9d4aa51057492ab3855d51b72197cbed16f65fd4aad8d11bcb65f73e,,clickquynhchau
hoatdong/clickthanhdaily.PNG,hoatdong,clickthanhdaily.PNG,25,21,1703,5ba3700ae1c020fd10643828acf98ce8512aa970cfe79b9ef75ba66b3f392cb3,,clickthanhdaily
hoatdong/clicktienvuong.PNG,hoatdong,clicktienvuong.PNG,34,16,1402,032ed2624a486e9fc8b60e454545afc9e1994eba221c9e73d342f7bce04e466f,,clicktienvuong
hoatdong/clicktochau.PNG,hoatdong,clicktochau.PNG,39,15,908,d6db11826e8b93fe4d17cbb36e1f86e031aef62a024af397f1fdf8f6e192a872,,clicktochau
hoatdong/clicktungson.PNG,hoatdong,clicktungson.PNG,32,12,1126,42ce9e23574d37a79ef5cc5dd4e103677a50f64a6cd10426bb56d893a1ef26cb,,clicktungson
hoatdong/clickvodi.PNG,hoatdong,clickvodi.PNG,24,22,1618,f95b1c14222f70b6c19b891cdc8b5b660036b3ffdb323b2e0b8ec8a036232d7f,,clickvodi
hoatdong/co1.PNG,hoatdong,co1.PNG,48,17,774,9f83792ac17a414fc2d7788cfc4493958d5ae26e4bf3b0ac23f206fee6bc4967,,co1
hoatdong/coban.PNG,hoatdong,coban.PNG,39,15,799,daa0e739f47bf19df776919f812e1c62966ad6d3ccc042c9e721dc5c15ba7f28,,coban
hoatdong/cong.PNG,hoatdong,cong.PNG,32,27,1260,65d2ca9c6944ae45f26844c2cd96a1a5bef41078d28936e786b97190de4d6493,,cong
hoatdong/cong1.PNG,hoatdong,cong1.PNG,26,20,849,00d096094c26501ab59365cac6fe6e36bf1392ce5b516b0306066bc6af0a51af,,cong1
hoatdong/cong2.PNG,hoatdong,cong2.PNG,19,19,803,9d73f31129e5595cf1c452fcf528b75bca009090595fec4f295c2aa4474a1fae,,cong2
hoatdong/conguoi.PNG,hoatdong,conguoi.PNG,51,15,808,e4ded9e9dc3e74f4975c26cf740856ed8cded24f7bcfef2c4a56eae8f8616ff5,,conguoi
hoatdong/conv.PNG,hoatdong,conv.PNG,25,23,1926,73423ca0cbb89718d64253797f9663cf04d319563c09679cdc660c3c4425be89,,conv
hoatdong/cuongdao.PNG,hoatdong,cuongdao.PNG,56,15,1522,ef95f96ac65c9d972ae60f2bed2bb7379d9aec27e864fd45c6258376a83d2b43,,cuongdao
hoatdong/dacodoi.PNG,hoatdong,dacodoi.PNG,71,13,1244,7903bef5ab0667b58ee4b5f16153731f1c383c6d95e8dc895edc384921fc39a4,,dacodoi
hoatdong/dakhoa.PNG,hoatdong,dakhoa.PNG,63,13,982,21727a49858e7ad118e0a4f4ecf41c020a15b93eb99a02dfca10b761f93f225b,,dakhoa
hoatdong/dangbatdanh.PNG,hoatdong,dangbatdanh.PNG,76,13,3262,3a79efba08f5c2a02f33eedfb17a1eabfb65513a601259ff424f296b39d99e66,train_combat,dangbatdanh
hoatdong/dangcuoi.PNG,hoatdong,dangcuoi.PNG,60,10,1587,49a6f05b63cde1647fe0dfdeac1ad0175d559ced9463e77fb057b5adcb0678d7,,dangcuoi
hoatdong/dangtheo.PNG,hoatdong,dangtheo.PNG,62,11,1501,f086a4f9968c93595f1fd9f5910c483dba59eb216293684309977ad95b74727a,,dangtheo
hoatdong/danhluaquai.PNG,hoatdong,danhluaquai.PNG,43,10,1311,2b79c0c3db76457c945cb91f3b23a3e43b9880ea0c2a827cc2302e1e5a0f70a6,train_combat,danhluaquai
hoatdong/danhtheochu.PNG,hoatdong,danhtheochu.PNG,70,11,2193,1267b30410e5511bff7c4056a1a6f6fc477af7005a06adfd774fc8f300e2daca,,danhtheochu
hoatdong/danhtudo.PNG,hoatdong,danhtudo.PNG,66,10,1988,63b44c77d37f7993022a3f1075f7edb7e8bfe6714e028924a0dffeb94f8b3cf0,,danhtudo
hoatdong/danhy.PNG,hoatdong,danhy.PNG,52,13,2064,cc847a299051d6ed670e5aaa673f89a1fe0f6bde62081cdd9ad220c4fe87800e,,danhy
hoatdong/danhy1.PNG,hoatdong,danhy1.PNG,48,11,1524,54b68096232c6998a83b07413b1a020f62cab814661191c61994a9aa2130f652,,danhy1
hoatdong/dasudung.PNG,hoatdong,dasudung.PNG,94,14,1554,3258da8458bf2bd2c9165c515aefba179bcbbd2deb75672f983ef7121244da84,,dasudung
hoatdong/datlen.PNG,hoatdong,datlen.PNG,40,15,1194,301f4e0483787649c738bf6cec2045f531f4a1a26e7a98ad9398e7d9541854c0,,datlen
hoatdong/dauthai.PNG,hoatdong,dauthai.PNG,36,13,1426,6b1cc95a267774de0c4afc94a027dc9d32912e8a9a70a4a2f36c7e0e8ec72483,,dauthai
hoatdong/davaodoi.PNG,hoatdong,davaodoi.PNG,24,24,1735,8d450ca859b6bf96db36a012a4440822d1d232cd45d90a3dc37ed3b22fcac455,,davaodoi
hoatdong/davaophai.PNG,hoatdong,davaophai.PNG,32,24,2395,f8d846c00ffac02a5e5c1bd1889ce3ad0681bd94b72568f47a897ad066209619,,davaophai
hoatdong/dendanhancoc.PNG,hoatdong,dendanhancoc.PNG,46,16,1114,42101a73c4af5f10b2ac9266936909662d074b77998b7e11e181c429c09bfff6,,dendanhancoc
hoatdong/dendaohoa.PNG,hoatdong,dendaohoa.PNG,76,12,1595,9156a4f191bbdc747e1ff3f2140d75e03bf3dfcdd02f0ca891dc4e4c42c14928,,dendaohoa
hoatdong/dendiadiem.PNG,hoatdong,dendiadiem.PNG,67,14,2796,a900d308e90ec57fc0be3b4c5e6f7c42ec5109bb0c7c05226667c397df21dfb0,,dendiadiem
hoatdong/dendiemho.PNG,hoatdong,dendiemho.PNG,43,13,961,539312a1da1d4ce0a210a87ed786aebedfbebfd5c5190b321bcf623ed52acb1a,,dendiemho
hoatdong/denhoanglong.PNG,hoatdong,denhoanglong.PNG,80,14,1699,c20f914e29acb4752d93b17b9bd7323b32473da2bbe2dccda2681b8ff5b41a39,,denhoanglong
hoatdong/denlacduong.PNG,hoatdong,denlacduong.PNG,53,16,1156,93cebe971e9d20074a42a55f0399df6b8967f3108f4eddb70a4f48882ae3f61b,,denlacduong
hoatdong/denlieutay.PNG,hoatdong,denlieutay.PNG,49,17,933,d2b96f3c25f1d57b3587875abd02ab22e7da67bc2742e9008a0277407c05ee83,,denlieutay
hoatdong/denlongtuyen.PNG,hoatdong,denlongtuyen.PNG,53,16,1177,5b8851834e9af4b1995500f47a13f85b5ec8260ac9338851ead6cba33ef36d7e,,denlongtuyen
hoatdong/denmieucuong.PNG,hoatdong,denmieucuong.PNG,52,16,1240,5eb38fcf5a412e07460040deaf94772a79cdf58a63f6d805bbcce909524499a8,,denmieucuong
hoatdong/dennamchieu.PNG,hoatdong,dennamchieu.PNG,56,12,1122,636e254bd12b49e9ac990a89a5e337ffe6ea90d1b364ee9acd30963cf1c1cb66,,dennamchieu
hoatdong/dennamhai.PNG,hoatdong,dennamhai.PNG,46,17,968,328771db5cc19a100dffe1f85e645729cd35f59dd12f3af224efc99eb7858249,,dennamhai
hoatdong/denngockhe.PNG,hoatdong,denngockhe.PNG,47,17,1137,a1bbdcd6ee1ece849670b34cd165d7f36bf1fb6f9e2d27c80c835c4fd373727e,,denngockhe
hoatdong/dennhihai.PNG,hoatdong,dennhihai.PNG,47,21,913,b4580f95c17148bc15a6210e909c2ca1faa22d67a9fd73ee91f8586a490d1ccd,,dennhihai
hoatdong/denquynhchau.PNG,hoatdong,denquynhchau.PNG,48,14,1165,8f61062844e485becc7dad4f99596b4586efed1646b1c527ae164b2e8ac672fc,,denquynhchau
hoatdong/dentienvuong.PNG,hoatdong,dentienvuong.PNG,77,16,1572,1495373452eada28cc3d844068ab5d167c039d2bde3c8b5d62cff4e03624a107,,dentienvuong
hoatdong/dentungson.PNG,hoatdong,dentungson.PNG,53,15,1034,d1fc7004735d0d1c17ac2413b381c2580474e7e452a7b1bdda74caf22494a2e3,,dentungson
hoatdong/denvodi.PNG,hoatdong,denvodi.PNG,35,17,747,74832d162429653da44ec2c758c9f112d6502ca8b2a328702b0cd89a859f2f4f,,denvodi
hoatdong/diaphu.PNG,hoatdong,diaphu.PNG,31,13,611,4958bf6c393a99571622ec38e8eb45ab1c918e4f00e984f3c11cf93cdabd6ce3,,diaphu
hoatdong/dichchuyen.PNG,hoatdong,dichchuyen.PNG,51,14,2208,20b17a170935f57e01335de07d173ca4b890e28216a3f29a1c5a3cb881212870,,dichchuyen
hoatdong/dichtram.PNG,hoatdong,dichtram.PNG,50,16,851,3316af0ed567ce025394ba193a8eac2919c22090835fc0199239b76bf378448c,,dichtram
hoatdong/dichuyen.PNG,hoatdong,dichuyen.PNG,58,9,1564,7b0122af4b4eca7a6f54fd01e45934cd20c34f0a0711e6a66883fc401f131a88,travel_navigation,dichuyen
hoatdong/dichuyen1.PNG,hoatdong,dichuyen1.PNG,85,10,2398,a650c9d8f8ff7770b7c83e27f4c4b91c35505f611f6ad991df730de5b4d97002,travel_navigation,dichuyen1
hoatdong/dichuyen2.PNG,hoatdong,dichuyen2.PNG,64,14,2353,7fafd02f6ebced69b10115c6859ef8d27771ecd9fa7b382d490092c9b70158c1,travel_navigation,dichuyen2
hoatdong/dingangqua.PNG,hoatdong,dingangqua.PNG,95,15,4021,b9648a6865bc59260298e523cc0167ec57883d55b5c4e55a5eddc59bd3f42b99,,dingangqua
hoatdong/dinhvi.PNG,hoatdong,dinhvi.PNG,38,14,1669,a57cde8b7ea584ff85e2e303e811aa7f5b6793b7780341738f7fc6874c945856,,dinhvi
hoatdong/dinhviphu.PNG,hoatdong,dinhviphu.PNG,22,22,1699,8083ec051438aab6687be9d8b809055fb7dba72684424eb4aef3593492f65093,activity_tbd,dinhviphu
hoatdong/dochoi.PNG,hoatdong,dochoi.PNG,32,18,1865,50bb9164b744d792b0633f28df6982d219d0a0474db5a7cf64441f1e5f08f007,consumable_shop,dochoi
hoatdong/dodaisang.PNG,hoatdong,dodaisang.PNG,54,13,2213,029db50db31f252f26e1852e478f15b7b912f6c9d36a1dd159cdcb88faf0afe8,,dodaisang
hoatdong/doingu.PNG,hoatdong,doingu.PNG,48,15,1088,87c464036e39541c7e660137a29e0f7a710720a0f262ddc1a9e2a951b9ac90d0,,doingu
hoatdong/dongy.PNG,hoatdong,dongy.PNG,43,16,2181,4cbe7cb22ef77c9d52735645682209d322e78b95e5082b3c05cdde04f802e8c6,,dongy
hoatdong/dongyvaodoi.PNG,hoatdong,dongyvaodoi.PNG,43,13,1846,d001183d02b0b4fb80ab2e8211a78a867f245e30d3d78d7814c233f16ca2182e,,dongyvaodoi
hoatdong/duyet.PNG,hoatdong,duyet.PNG,31,13,1163,a8ac70e0adcbd8a5b398f7223df93d30fc1968ede4ca07faedb9c42fee97576b,,duyet
hoatdong/endactac.PNG,hoatdong,endactac.PNG,41,10,968,c79b5a8f5e7edd8f2bd00921fc492d83ba7cd229248e4e77b5dc7ca5e7a5bb7a,activity_actac,endactac
hoatdong/endactac1.png,hoatdong,endactac1.png,47,8,946,e6d7553d9aa595028763641f646fd5b49a81288dc9447a212bc22ab3c424cd60,activity_actac,endactac1
hoatdong/endcaoson.PNG,hoatdong,endcaoson.PNG,47,14,1858,002d05199ed31fd48366c45ae75e04be2d3336374b6cebfd0bab5da5ce080779,,endcaoson
hoatdong/endgiaivay.PNG,hoatdong,endgiaivay.PNG,16,10,608,82197c769a40e9266214ed11e4e0f80217bfcce34666746f936b4cd8921a9ec2,,endgiaivay
hoatdong/endgiaivay1.PNG,hoatdong,endgiaivay1.PNG,58,14,2070,700d96256e372a3b2eeb47864296bb10f293d888a128854c359f5958b9f22aec,,endgiaivay1
hoatdong/endlv10.PNG,hoatdong,endlv10.PNG,73,12,2186,a8051a8b9bbbbf1f76100a3a7468410fdb9b04b4a9d545fc044f865efad2e16d,,endlv10
hoatdong/endtbd.PNG,hoatdong,endtbd.PNG,29,10,603,63bf3aff3653a689291d37ff6f4b4583ca4e32021167fef9f8a1877f73c00457,,endtbd
hoatdong/endtbd1.PNG,hoatdong,endtbd1.PNG,84,14,1422,d8709e5c863d7fad59916f89d3a82453df84d4d87e159eb8ca7101b1f383292c,,endtbd1
hoatdong/endtbd2.PNG,hoatdong,endtbd2.PNG,87,16,1611,e7f75491394b4040e04d64856d99a8d1eb5207fd496299fc8771bed8139629ac,,endtbd2
hoatdong/endthuylao.PNG,hoatdong,endthuylao.PNG,91,16,1478,f68c6ee4a8a12c873a602b0b77d43169c5b7c5000a8b5d9d8dcef0b3f7514eb6,activity_thuylao,endthuylao
hoatdong/endthuylao1.PNG,hoatdong,endthuylao1.PNG,72,15,1161,0b313f8a1c01cfd7323b5448c52f32e7ed83484bb71e729abdf3a5020ab8298d,activity_thuylao,endthuylao1
hoatdong/endtrungac.PNG,hoatdong,endtrungac.PNG,49,14,816,741732883b327c73a0d818ef908dba03141251f30feb7eb9f9d0830a8bd3c2be,,endtrungac
hoatdong/endtrungac1.PNG,hoatdong,endtrungac1.PNG,70,14,1370,22ccc4205ae10717db47754a724e5781a8e9f30fbf738e052179bec042fd4874,,endtrungac1
hoatdong/gd.PNG,hoatdong,gd.PNG,44,13,854,7e5ed98f4b68bd93505e7436e2808311e01bab18a3117f52ec88b0f4a510aee7,,gd
hoatdong/giaitan.PNG,hoatdong,giaitan.PNG,41,14,1831,7ffe1a0d17c605536c37215033c0a34b24c182d6cc1c4fec9cf3caa72b0d0f9d,party_follow,giaitan
hoatdong/giamnguc.PNG,hoatdong,giamnguc.PNG,38,14,724,82480892ddcd1644989f55b8da60bdc100f8cbbdca59a81bf49c3d217593e7fe,,giamnguc
hoatdong/gianhap.PNG,hoatdong,gianhap.PNG,82,15,3541,1068f15c72be627d73a6284368994dd203b6c6eb006d63d66ed125c593505368,party_follow,gianhap
hoatdong/giaodich.PNG,hoatdong,giaodich.PNG,43,15,1681,80424bd236af9266ccf4567829b72a930aeefa2a2d697c434fd17978cedc33d6,trade_transfer,giaodich
hoatdong/goc1.PNG,hoatdong,goc1.PNG,20,24,1549,b863cad0a58099e1f2a67c9d3f81860fbb922a544110cc84c49c8a43f9c1bb74,,goc1
hoatdong/goclag1.PNG,hoatdong,goclag1.PNG,26,21,1769,723e26bb1cf47429e3d49dc4ad6d25b3e67ccb3b3a5bdfba56eb2d4f7c24bf03,,goclag1
hoatdong/gocmieucuong.PNG,hoatdong,gocmieucuong.PNG,26,25,2041,8d876c845fb8bbf2ef9d8bf49216bc6fb9c010fc1a5c0ede1966500f92710328,,gocmieucuong
hoatdong/gocnamhai.PNG,hoatdong,gocnamhai.PNG,37,25,3064,d11302f093bbd715d362d9e76817a9c602b9f7d820a9f761c4aa37fdaaf3bf4c,,gocnamhai
hoatdong/haohuu.PNG,hoatdong,haohuu.PNG,22,25,1740,1a36c6aba783353481b0e4c1695a2380ff014fbbffd0691c54814d00064e4593,,haohuu
hoatdong/hetmau.png,hoatdong,hetmau.png,32,10,387,b11f65355a8a627b805acdbf473903418233ac836688fe47c74386ebb4f38a53,,hetmau
hoatdong/hetmau1.PNG,hoatdong,hetmau1.PNG,9,8,185,1e28b2b11ef2b3d897920bcf99a617dd4a721ff903f1af0931bf6f777f3ce816,,hetmau1
hoatdong/hetmau2.PNG,hoatdong,hetmau2.PNG,38,18,1237,965ebe4af91ffaac1c218a34b557dce108c932396e0986a1b75af36a2253fa9b,,hetmau2
hoatdong/hetquai.PNG,hoatdong,hetquai.PNG,154,10,3448,abb0f0bea85f0ba69e0dddd79ccc31f2d7a0e67a25e39dad9436160fa03f5133,train_combat,hetquai
hoatdong/hetquai1.PNG,hoatdong,hetquai1.PNG,86,12,2675,afbf233ca16d2dba3be6c06125c5d188ac8ad62ac1db9031b3f4f99679bd37c2,train_combat,hetquai1
hoatdong/hetquaiat.png,hoatdong,hetquaiat.png,52,9,1136,c6d395fe9aa43f7fda8b2e88a3ddf6d05bf63ae71c6823cebe697365f4e506c2,train_combat,hetquaiat
hoatdong/hetquaiat1.png,hoatdong,hetquaiat1.png,60,10,1611,485630ee5f1cafcbef91a6d17db6b702dabd035e8cb8234f745aa989560945c3,train_combat,hetquaiat1
hoatdong/hoangchi.PNG,hoatdong,hoangchi.PNG,20,33,2282,9579c62ee6c4a6eea0de05cfda8efa46620e61121627f2a42d825d0fe92074c7,,hoangchi
hoatdong/hoanglongphu.PNG,hoatdong,hoanglongphu.PNG,54,11,903,603cdf0c249459a14e89cee6a9e026cc0ef15eefbe1698949375067282c2b0dc,,hoanglongphu
hoatdong/hodiembao.PNG,hoatdong,hodiembao.PNG,54,13,1820,48f3f8bcc03d45d8f9be6b933916f6198ef8d8d5b362d2cf6eb45e7bdad9fef0,,hodiembao
hoatdong/holo.PNG,hoatdong,holo.PNG,28,17,785,d148bd35216f9d9c83bc16c037c08aad00601f137b985a6c7057d6665a0ddec1,,holo
hoatdong/holo1.PNG,hoatdong,holo1.PNG,30,14,759,5ec5b01082bbb2f04c37b6e00cb5a3bbcb7732ccb70466d48aed929fa678c052,,holo1
hoatdong/huynv.PNG,hoatdong,huynv.PNG,74,11,2455,f1556c1e2826fa920b789442e3ada89b4cf632a6e1c794393b6002ca613bc6af,quest_level,huynv
hoatdong/huyquanhe.PNG,hoatdong,huyquanhe.PNG,53,10,1434,7e3d02ae39354b16d720c41471a958d646b74a0f93c1b54be14d20bc169538d2,,huyquanhe
hoatdong/itemchencom.PNG,hoatdong,itemchencom.PNG,31,17,1765,e8bafb33eaad0c456430e9e0d6ddb73936c2a842bf808bab66ed26c3fae9b89d,,itemchencom
hoatdong/itemholo.PNG,hoatdong,itemholo.PNG,20,27,1901,957eb60af720a29ed32b69e270f140a4d4d7a9f9c521a580fb9a199d0b414e8a,,itemholo
hoatdong/itemholo1.PNG,hoatdong,itemholo1.PNG,21,22,1698,57b7ec5597c83e8542f345924056c4ce900ab618aa545759c4e4364b6b5c635d,,itemholo1
hoatdong/itemhopmau.PNG,hoatdong,itemhopmau.PNG,31,16,1600,e806050b0724518c917bafc0d8fc4a857834860909f9574a455a4ac15c1aaf42,,itemhopmau
hoatdong/itemkimsangduoc.PNG,hoatdong,itemkimsangduoc.PNG,33,18,1673,46e817287f3e289456a0a04e0acd9a079e7b81e3f8a8d3338476059ff29e1b02,heal_buff,itemkimsangduoc
hoatdong/itemlocnhung.PNG,hoatdong,itemlocnhung.PNG,24,19,1658,386837b80aff1e7a49fe4a6887d8ab6cd4144f52a31d6066c6b93e4131df80ed,,itemlocnhung
hoatdong/itemmana.PNG,hoatdong,itemmana.PNG,35,19,2275,0f57d89999ea09c9471f49c33b7e1c6fc652d261bd5975dd17c70d75c2e9a184,,itemmana
hoatdong/itemmau.PNG,hoatdong,itemmau.PNG,18,34,1877,65a7281ffde01f0d5366dbb8de19081787ef5ffc41a22f4a0a2a9b643ad5158a,,itemmau
hoatdong/itemmau1.PNG,hoatdong,itemmau1.PNG,31,17,1858,ef944e973299dbaa0395d26a9b54fbec3194f85a07c59ac70294a9b447629c8c,,itemmau1
hoatdong/itemngocbinh.PNG,hoatdong,itemngocbinh.PNG,20,27,1900,55039610267243b1e4180aa5a6ab83d54808f7723b5eea7d7daaebf4a159624e,,itemngocbinh
hoatdong/itemphu.PNG,hoatdong,itemphu.PNG,21,24,1752,7f26739a15817fb8fdec0d204a17cfe2a229bdbef668a9dd096e64fcab12afd7,,itemphu
hoatdong/itemqui.PNG,hoatdong,itemqui.PNG,63,14,1205,8ebed2206884b01f7aa69609495ce44a7dff3caf6cd6817a28bece225ecbb9be,,itemqui
hoatdong/itemquilinhhoan.PNG,hoatdong,itemquilinhhoan.PNG,35,16,1908,21e3b1eaec422c2e6fd7f30a42334b37a9f0432eeb1fc808406e6ecb6ced1f47,,itemquilinhhoan
hoatdong/itemthaihuong.PNG,hoatdong,itemthaihuong.PNG,70,14,1521,0cafaf1211a48d355cf36c0015165ff630101e6bbd0da881906e5754b3530215,,itemthaihuong
hoatdong/kenhchatpt.PNG,hoatdong,kenhchatpt.PNG,40,14,1514,c4cd183d26a9b64e4e15f42477fe05331f39cb035b07f6dede26f76397ddf1c2,,kenhchatpt
hoatdong/kenhtg.PNG,hoatdong,kenhtg.PNG,38,18,2132,9a81f59537799519cff44227473fbee86b7175a78f58073e57e023486f804fed,,kenhtg
hoatdong/ketgoclag.PNG,hoatdong,ketgoclag.PNG,70,8,1552,74e7dac384774f06954ce2c0d0b2977db694f3ed1f16208abf28179d16dcd085,,ketgoclag
hoatdong/ketmap.PNG,hoatdong,ketmap.PNG,117,49,15194,c56f5eb120cbf5ce240b2b7e2be24874e9becf92c7ab640f463a96dc5c2d712f,,ketmap
hoatdong/ketnv.PNG,hoatdong,ketnv.PNG,21,26,1952,8687ebc74dd2058d7b516dae6cd308d5127ecad10abd40a6ea6455c901751121,,ketnv
hoatdong/khieuchienactac.PNG,hoatdong,khieuchienactac.PNG,62,15,2615,6e0f18a977b9b4c28fa806a84f9719420edade89edf9a95d159c8ae668b35211,activity_actac,khieuchienactac
hoatdong/khoa.PNG,hoatdong,khoa.PNG,30,18,1352,29d515cfc9c2d82511b472fbea84710834b277537c48f438dd3f8f59970bbc47,,khoa
hoatdong/khochua.PNG,hoatdong,khochua.PNG,50,15,1045,bccd143cd86c1c8c23854dcb7f2af3a9e15ed86a0ac488705a0affab632f4674,,khochua
