feature,path,width,height,sha256,semantic_hint
inventory_sell,ItemSell_TrangNgoc/ngoc1.PNG,26,16,a21cd2fb4d313b8a56bf3114da0d90fae58576202201e8d21508273348f78850,ngoc1
inventory_sell,ItemSell_TrangNgoc/ngoc10.PNG,30,14,dfb24822014624c9c2ce3a09b3cf5977c4a42122b40b66179a09e2361cdba4be,ngoc10
inventory_sell,ItemSell_TrangNgoc/ngoc11.PNG,29,14,01766a1dc9bf45c4dbd5a4b2be5d0a6002ec982ee959e2cfe88c79b938abdeb5,ngoc11
inventory_sell,ItemSell_TrangNgoc/ngoc2.PNG,28,16,e26e33cff2bb5f54f405b415a494118d3ae1f6c3b9e54b3712f2ccebf682cd38,ngoc2
inventory_sell,ItemSell_TrangNgoc/ngoc3.PNG,18,20,d81d77c8e346da3d4fbdf3861a6f7f95253b0639447c9597c8dae19c78e5a377,ngoc3
inventory_sell,ItemSell_TrangNgoc/ngoc4.PNG,30,14,9af69319749c3daeef9474175019781d75bf627e2d747bc31ed3547dc53df5c5,ngoc4
inventory_sell,ItemSell_TrangNgoc/ngoc5.PNG,31,15,350ef3bab48e42258002cc96da3f8325abfb416a0e37d830117a3580b8f43373,ngoc5
inventory_sell,ItemSell_TrangNgoc/ngoc6.PNG,30,16,6fb5e802587efa1d95b9e7afdae3db193915c7bbaf9f6abe72faf7ddeb3d59e3,ngoc6
inventory_sell,ItemSell_TrangNgoc/ngoc7.PNG,28,14,77d1ae98f363ff3b18666163fea097f30a5fb948f50b9046d2dcc5f57f7a6e17,ngoc7
inventory_sell,ItemSell_TrangNgoc/ngoc8.PNG,29,15,0c35c4032ceabc5db48237505c3a150ba573e08de8cc79cc430afa6e20a6a307,ngoc8
inventory_sell,ItemSell_TrangNgoc/ngoc9.PNG,28,15,3c918bf63fbeb0e0dd0c81bf3ed467da9baab40823b2b1050a179920274d9112,ngoc9
inventory_sell,ItemSell_TrangVatPham/#U0111a1.PNG,40,24,4be72deb54ebf6f597d872e48963ce77319599cd41310f8a6a627e0723a7b105,#U0111a1
inventory_sell,"ItemSell_TrangVatPham/,m5.PNG",35,23,cf42ff1fd60ee7bd8b3ec3a949e40c16bf5f2caabe33baeef64f35fc6fcc0372,",m5"
inventory_sell,ItemSell_TrangVatPham/1 - Copy.PNG,37,19,21ed05baca2c723e3926e331c9b6ccbf6a7763fc44dc27696983f5a964bca609,1 - Copy
inventory_sell,ItemSell_TrangVatPham/1.PNG,37,19,21ed05baca2c723e3926e331c9b6ccbf6a7763fc44dc27696983f5a964bca609,1
inventory_sell,ItemSell_TrangVatPham/10 - Copy.PNG,36,18,4de7e12f0f57931893378fcf6d1284d742b7fc42bacf697ea8fbe9468ac68357,10 - Copy
inventory_sell,ItemSell_TrangVatPham/10.PNG,36,18,4de7e12f0f57931893378fcf6d1284d742b7fc42bacf697ea8fbe9468ac68357,10
inventory_sell,ItemSell_TrangVatPham/100 - Copy.PNG,36,22,1d135f6cf9704ddf2b0fc5c06275128df043294c964bba0cd1c91dc25887d245,100 - Copy
inventory_sell,ItemSell_TrangVatPham/100.PNG,36,22,1d135f6cf9704ddf2b0fc5c06275128df043294c964bba0cd1c91dc25887d245,100
inventory_sell,ItemSell_TrangVatPham/101 - Copy.PNG,37,19,f3be74d822c945d3a8a471de67dfefe0506cb6d6d69271bb810a1d6e58b9e7ff,101 - Copy
inventory_sell,ItemSell_TrangVatPham/101.PNG,37,19,f3be74d822c945d3a8a471de67dfefe0506cb6d6d69271bb810a1d6e58b9e7ff,101
inventory_sell,ItemSell_TrangVatPham/102 - Copy.PNG,36,22,7e7a154db05876723e30bf1b509bbb38922922658ae4d736691a50f65b0aad28,102 - Copy
inventory_sell,ItemSell_TrangVatPham/102.PNG,36,22,7e7a154db05876723e30bf1b509bbb38922922658ae4d736691a50f65b0aad28,102
inventory_sell,ItemSell_TrangVatPham/103 - Copy.PNG,35,22,9472932d71e8c308a009a5a2966017276a6bb356c42b540bc4cd5d5636d2cd9a,103 - Copy
inventory_sell,ItemSell_TrangVatPham/103.PNG,35,22,9472932d71e8c308a009a5a2966017276a6bb356c42b540bc4cd5d5636d2cd9a,103
inventory_sell,ItemSell_TrangVatPham/104 - Copy.PNG,40,16,ccf92464d735a3268068f688b34fd71ce1c5345d56018acee361eced305b63f4,104 - Copy
inventory_sell,ItemSell_TrangVatPham/104.PNG,40,16,ccf92464d735a3268068f688b34fd71ce1c5345d56018acee361eced305b63f4,104
inventory_sell,ItemSell_TrangVatPham/105 - Copy.PNG,39,18,769126f4cd9c2f5af84a8ae4f6fe46d842bbf363b3374d7c9cf28cff5ad81d1f,105 - Copy
inventory_sell,ItemSell_TrangVatPham/105.PNG,39,18,769126f4cd9c2f5af84a8ae4f6fe46d842bbf363b3374d7c9cf28cff5ad81d1f,105
inventory_sell,ItemSell_TrangVatPham/106 - Copy.PNG,36,18,6f994f7228d111e0c2fdd1005f0c790c5c408ae308496c16cc6d70374375ee77,106 - Copy
inventory_sell,ItemSell_TrangVatPham/106.PNG,36,18,6f994f7228d111e0c2fdd1005f0c790c5c408ae308496c16cc6d70374375ee77,106
inventory_sell,ItemSell_TrangVatPham/107 - Copy.PNG,34,19,14d9bfd69780aee2387f2decdb1f3ccd1692938c7da741add8573aad46a4b4f2,107 - Copy
inventory_sell,ItemSell_TrangVatPham/107.PNG,34,19,14d9bfd69780aee2387f2decdb1f3ccd1692938c7da741add8573aad46a4b4f2,107
inventory_sell,ItemSell_TrangVatPham/108 - Copy.PNG,35,19,4f3ce70a9a1b3650e63b7f69b1d71fe9018277dab2bd0220a8cfeacf9f6277e6,108 - Copy
inventory_sell,ItemSell_TrangVatPham/108.PNG,35,19,4f3ce70a9a1b3650e63b7f69b1d71fe9018277dab2bd0220a8cfeacf9f6277e6,108
inventory_sell,ItemSell_TrangVatPham/109 - Copy.PNG,32,21,3ef1aeaeea8aa27e35f623cef88e7af71238d35860da6df5288e1c8515c06ad4,109 - Copy
inventory_sell,ItemSell_TrangVatPham/109.PNG,32,21,3ef1aeaeea8aa27e35f623cef88e7af71238d35860da6df5288e1c8515c06ad4,109
inventory_sell,ItemSell_TrangVatPham/11 - Copy.PNG,34,16,0245ea82ce4383b9a9cfc283979a963e8d0e2967f96a855e3d7e2f3a16ad970a,11 - Copy
inventory_sell,ItemSell_TrangVatPham/11.PNG,34,16,0245ea82ce4383b9a9cfc283979a963e8d0e2967f96a855e3d7e2f3a16ad970a,11
inventory_sell,ItemSell_TrangVatPham/110 - Copy.PNG,37,20,848864ca457dd7b756705691ed480b934091557aa50945b20ad0448346b643ab,110 - Copy
inventory_sell,ItemSell_TrangVatPham/110.PNG,37,20,848864ca457dd7b756705691ed480b934091557aa50945b20ad0448346b643ab,110
inventory_sell,ItemSell_TrangVatPham/111 - Copy.PNG,37,20,e42b8b270bd679ac967d6bf367d1157b26c4371c8f84c5b551a0c7cda73808a1,111 - Copy
inventory_sell,ItemSell_TrangVatPham/111.PNG,37,20,e42b8b270bd679ac967d6bf367d1157b26c4371c8f84c5b551a0c7cda73808a1,111
inventory_sell,ItemSell_TrangVatPham/112 - Copy.PNG,37,21,74c415992f1bee66c40be154e4aeec179352b658dc094f3edec8d8234344bef9,112 - Copy
inventory_sell,ItemSell_TrangVatPham/112.PNG,37,21,74c415992f1bee66c40be154e4aeec179352b658dc094f3edec8d8234344bef9,112
inventory_sell,ItemSell_TrangVatPham/113 - Copy.PNG,35,18,5610128804f898d73cfacc2e003981e323d0d992270bd4998159559e624f522e,113 - Copy
inventory_sell,ItemSell_TrangVatPham/113.PNG,35,18,5610128804f898d73cfacc2e003981e323d0d992270bd4998159559e624f522e,113
inventory_sell,ItemSell_TrangVatPham/114 - Copy.PNG,35,19,9007ddde39db43ab14693d0309172692ec38ab29549575fa8201810fd14f84b9,114 - Copy
inventory_sell,ItemSell_TrangVatPham/114.PNG,35,19,9007ddde39db43ab14693d0309172692ec38ab29549575fa8201810fd14f84b9,114
inventory_sell,ItemSell_TrangVatPham/115 - Copy.PNG,37,20,3915a241d1d74aece6b55746ddf02e6f06328cb33e5aefd59b493afdd035c41d,115 - Copy
inventory_sell,ItemSell_TrangVatPham/115.PNG,37,20,3915a241d1d74aece6b55746ddf02e6f06328cb33e5aefd59b493afdd035c41d,115
inventory_sell,ItemSell_TrangVatPham/116 - Copy.PNG,34,20,ce85dc5e186efd8467cf23711c2f29c468c98aad9edf5cd096e8336d79a6c95e,116 - Copy
inventory_sell,ItemSell_TrangVatPham/116.PNG,34,20,ce85dc5e186efd8467cf23711c2f29c468c98aad9edf5cd096e8336d79a6c95e,116
inventory_sell,ItemSell_TrangVatPham/117 - Copy.PNG,35,16,5834e6ba2f347a938a4fbd78713252108ea6271136d6a15f1d00a8ca90598d99,117 - Copy
inventory_sell,ItemSell_TrangVatPham/117.PNG,35,16,5834e6ba2f347a938a4fbd78713252108ea6271136d6a15f1d00a8ca90598d99,117
inventory_sell,ItemSell_TrangVatPham/118 - Copy.PNG,36,20,e138d0467c9b6855c80c17010e58f13556c51fc6a83013df10dd610154026ee4,118 - Copy
inventory_sell,ItemSell_TrangVatPham/118.PNG,36,20,e138d0467c9b6855c80c17010e58f13556c51fc6a83013df10dd610154026ee4,118
inventory_sell,ItemSell_TrangVatPham/119 - Copy.PNG,35,20,66681922a3c0641853311fd173d40341fcb1b876bac7a6803238644a6fb46752,119 - Copy
inventory_sell,ItemSell_TrangVatPham/119.PNG,35,20,66681922a3c0641853311fd173d40341fcb1b876bac7a6803238644a6fb46752,119
inventory_sell,ItemSell_TrangVatPham/12 - Copy.PNG,33,15,599aa5d3160f228e0d0b13d7edd187ab338c4cafa1ab917ee3e825aac27e1c15,12 - Copy
inventory_sell,ItemSell_TrangVatPham/12.PNG,33,15,599aa5d3160f228e0d0b13d7edd187ab338c4cafa1ab917ee3e825aac27e1c15,12
inventory_sell,ItemSell_TrangVatPham/120 - Copy.PNG,37,22,fc4e4bd106f529c796059fb9dea0f4f087eaf5069b0ea5cc1a43ef77a3424986,120 - Copy
inventory_sell,ItemSell_TrangVatPham/120.PNG,37,22,fc4e4bd106f529c796059fb9dea0f4f087eaf5069b0ea5cc1a43ef77a3424986,120
inventory_sell,ItemSell_TrangVatPham/121.PNG,39,19,2941cd3adeb1526cac058adaa9a189aa92371b16a00309660730e353389fb71e,121
inventory_sell,ItemSell_TrangVatPham/122.PNG,39,19,66b5e6c6c7fc0918be4ae33d92759157f4ae50a78062e97780f83dbb6ce1684d,122
inventory_sell,ItemSell_TrangVatPham/123.PNG,36,23,5015081c133213e119384944069eaa494b8b28bf0596d518fa0473d7a51f5263,123
inventory_sell,ItemSell_TrangVatPham/124.PNG,37,20,015a9b977544f120804df78315ebb713e27778f9076f742d15d4d13bf64873b1,124
inventory_sell,ItemSell_TrangVatPham/125.PNG,40,23,e6091ffcaadf9e1c406f44dfee827d4208f2d1ac653b3fed8faa001d8b5303d5,125
inventory_sell,ItemSell_TrangVatPham/126.PNG,36,21,05fc05a2af5c85cfda40eb34625d132048cea49afd561a1fb214b2fda50b415a,126
inventory_sell,ItemSell_TrangVatPham/127.PNG,38,19,055eaee9576eb88d2d013d944d73944259d22be185bec6f0dd689b63c3e4f82e,127
inventory_sell,ItemSell_TrangVatPham/128.PNG,38,24,a7be81e407742ee1e4de753ddad41b366e1d518a9d0d45b619a43e6022df0894,128
inventory_sell,ItemSell_TrangVatPham/129.PNG,39,24,05b203a5adce169689313c69b6255c20d790df9a19a5f41f766dfce52d61d802,129
inventory_sell,ItemSell_TrangVatPham/13 - Copy.PNG,35,17,7692f64f17189b989251610b2e89493517b87c9dc113b34c7710aafc4fca4fcf,13 - Copy
inventory_sell,ItemSell_TrangVatPham/13.PNG,35,17,7692f64f17189b989251610b2e89493517b87c9dc113b34c7710aafc4fca4fcf,13
inventory_sell,ItemSell_TrangVatPham/130.PNG,37,19,d767ea6a2d7de782aea6387b3b05c43ba7a0b2690e37950961bc5ac1166963f0,130
inventory_sell,ItemSell_TrangVatPham/131.PNG,36,20,cd47a5a0ffb823aba0e75a5ea6dd401f25bfcfe77891dd963ce6d15d547b9bf8,131
inventory_sell,ItemSell_TrangVatPham/132.PNG,38,20,12476f891eb4d39b4c031624584de96369d1694e33a449aea909a684771e00fe,132
inventory_sell,ItemSell_TrangVatPham/133.PNG,36,22,320a397b3b943a0e0685b5271c350a9da7c60d9fb5e88f4f8bc2e7dcb09f670d,133
inventory_sell,ItemSell_TrangVatPham/14 - Copy.PNG,36,14,798e6c425875c68be0ca73b6b6ee1d55c6c2dc793bfd83c5bcb48cbd4137dcb9,14 - Copy
inventory_sell,ItemSell_TrangVatPham/14.PNG,36,14,798e6c425875c68be0ca73b6b6ee1d55c6c2dc793bfd83c5bcb48cbd4137dcb9,14
inventory_sell,ItemSell_TrangVatPham/15 - Copy.PNG,35,16,ac19ae9d779e228d49f777b448838bf735117a711a0013e45a04970e8f327ddf,15 - Copy
inventory_sell,ItemSell_TrangVatPham/15.PNG,35,16,ac19ae9d779e228d49f777b448838bf735117a711a0013e45a04970e8f327ddf,15
inventory_sell,ItemSell_TrangVatPham/16 - Copy.PNG,31,14,0c3eae57add6d3310e94bfc6160038535c1d2f5535c8f535a5e6a2e1938342a6,16 - Copy
inventory_sell,ItemSell_TrangVatPham/16.PNG,31,14,0c3eae57add6d3310e94bfc6160038535c1d2f5535c8f535a5e6a2e1938342a6,16
inventory_sell,ItemSell_TrangVatPham/17 - Copy.PNG,37,17,665ce7e0a6d85eb56957556553ee99da3e53a607ebb76f8f31d06083358db3b0,17 - Copy
inventory_sell,ItemSell_TrangVatPham/17.PNG,37,17,665ce7e0a6d85eb56957556553ee99da3e53a607ebb76f8f31d06083358db3b0,17
inventory_sell,ItemSell_TrangVatPham/18 - Copy.PNG,35,15,904ce7b796f8790e22fa8e8cd163db54b5cc2e441d27e16f117f05f1c939ee63,18 - Copy
inventory_sell,ItemSell_TrangVatPham/18.PNG,35,15,904ce7b796f8790e22fa8e8cd163db54b5cc2e441d27e16f117f05f1c939ee63,18
inventory_sell,ItemSell_TrangVatPham/19 - Copy.PNG,24,35,6d0acd3a21f6064feb215a0b8cbcb8771062c282bfc5d1125e36ccead6ced7c4,19 - Copy
inventory_sell,ItemSell_TrangVatPham/19.PNG,24,35,6d0acd3a21f6064feb215a0b8cbcb8771062c282bfc5d1125e36ccead6ced7c4,19
inventory_sell,ItemSell_TrangVatPham/1q1q1q.PNG,141,67,0a9469187de661af732f9ab174be6018a6679f7cba3d7dd5c96e63cc0246fd91,1q1q1q
inventory_sell,ItemSell_TrangVatPham/1q2qe1q.PNG,130,70,15c991355326098f76ab990ffbff7e61cefec5919f03d5624c46fc02dd26044d,1q2qe1q
inventory_sell,ItemSell_TrangVatPham/2 - Copy.PNG,37,16,b0bd363a55d37b096dd7274a578c9319a9a6fa00bb71d1f6e1b9328f853e70c4,2 - Copy
inventory_sell,ItemSell_TrangVatPham/2.PNG,37,16,b0bd363a55d37b096dd7274a578c9319a9a6fa00bb71d1f6e1b9328f853e70c4,2
inventory_sell,ItemSell_TrangVatPham/20 - Copy.PNG,23,37,f36891eeba55938bcf84c7c9aa2b7b7add53e83f957badea9078ec0627ad42e2,20 - Copy
inventory_sell,ItemSell_TrangVatPham/20.PNG,23,37,f36891eeba55938bcf84c7c9aa2b7b7add53e83f957badea9078ec0627ad42e2,20
inventory_sell,ItemSell_TrangVatPham/21 - Copy.PNG,23,32,c06e9e1deae7088a2b235b8719ebf32f058477720604a9da398424866406013e,21 - Copy
inventory_sell,ItemSell_TrangVatPham/21.PNG,23,32,c06e9e1deae7088a2b235b8719ebf32f058477720604a9da398424866406013e,21
inventory_sell,ItemSell_TrangVatPham/22 - Copy.PNG,34,18,e56b3dcd3b99ef47c9fc7c324e03b091ed6bc7a2e5e96bbe3ed2edc0cc9ba6d7,22 - Copy
inventory_sell,ItemSell_TrangVatPham/22.PNG,34,18,e56b3dcd3b99ef47c9fc7c324e03b091ed6bc7a2e5e96bbe3ed2edc0cc9ba6d7,22
inventory_sell,ItemSell_TrangVatPham/23 - Copy.PNG,36,21,8b3fe3f4c515eba3efbd1d9b6419f7dc44ec47722fb1aa19046786c09430e3ae,23 - Copy
inventory_sell,ItemSell_TrangVatPham/23.PNG,36,21,8b3fe3f4c515eba3efbd1d9b6419f7dc44ec47722fb1aa19046786c09430e3ae,23
inventory_sell,ItemSell_TrangVatPham/24 - Copy.PNG,35,21,921f5dcfc35f02cf9ea5d36494dfb1c912ed13233cc761318918e3b4f324a185,24 - Copy
inventory_sell,ItemSell_TrangVatPham/24.PNG,35,21,921f5dcfc35f02cf9ea5d36494dfb1c912ed13233cc761318918e3b4f324a185,24
inventory_sell,ItemSell_TrangVatPham/25 - Copy.PNG,38,17,109d29c1712a8af09c47c4832d3186d6757a613760a7c58591d59f5f654bf572,25 - Copy
inventory_sell,ItemSell_TrangVatPham/25.PNG,38,17,109d29c1712a8af09c47c4832d3186d6757a613760a7c58591d59f5f654bf572,25
inventory_sell,ItemSell_TrangVatPham/26 - Copy.PNG,35,19,38372048355002a11470be651fbca5cac3900955d95d38c09f1b6d17c626dcfa,26 - Copy
inventory_sell,ItemSell_TrangVatPham/26.PNG,35,19,38372048355002a11470be651fbca5cac3900955d95d38c09f1b6d17c626dcfa,26
inventory_sell,ItemSell_TrangVatPham/27 - Copy.PNG,38,17,5b14a28f38c4b7b2912a85aedc966935bc64361e21921d6ad99d14b9043ca2c0,27 - Copy
inventory_sell,ItemSell_TrangVatPham/27.PNG,38,17,5b14a28f38c4b7b2912a85aedc966935bc64361e21921d6ad99d14b9043ca2c0,27
inventory_sell,ItemSell_TrangVatPham/28 - Copy.PNG,34,17,c480be3e2c3ad195e6253f19c2216bd2f155d647aabed1a9cc565718ffe08d31,28 - Copy
inventory_sell,ItemSell_TrangVatPham/28.PNG,34,17,c480be3e2c3ad195e6253f19c2216bd2f155d647aabed1a9cc565718ffe08d31,28
inventory_sell,ItemSell_TrangVatPham/29 - Copy.PNG,33,19,ab0e18fcc0a996b3a40df23a1793ef3388ee04ab891cc7966b610807e84049e2,29 - Copy
inventory_sell,ItemSell_TrangVatPham/29.PNG,33,19,ab0e18fcc0a996b3a40df23a1793ef3388ee04ab891cc7966b610807e84049e2,29
inventory_sell,ItemSell_TrangVatPham/3 - Copy.PNG,37,21,83af9fad9adae298e7165d395bd28fbb02c4fc00e2852edf43b73ea2f0cc32ab,3 - Copy
inventory_sell,ItemSell_TrangVatPham/3.PNG,37,21,83af9fad9adae298e7165d395bd28fbb02c4fc00e2852edf43b73ea2f0cc32ab,3
inventory_sell,ItemSell_TrangVatPham/30 - Copy.PNG,37,15,13f03ec5d2389a1c2525d0274a11787ae34f7212da625b54d8d8e0644d282b00,30 - Copy
inventory_sell,ItemSell_TrangVatPham/30.PNG,37,15,13f03ec5d2389a1c2525d0274a11787ae34f7212da625b54d8d8e0644d282b00,30
inventory_sell,ItemSell_TrangVatPham/31 - Copy.PNG,35,18,38aef6e7ca8b18e33d10045e2effb5b9b684269ad7e8fb61dcd4cab967c8b87f,31 - Copy
inventory_sell,ItemSell_TrangVatPham/31.PNG,35,18,38aef6e7ca8b18e33d10045e2effb5b9b684269ad7e8fb61dcd4cab967c8b87f,31
inventory_sell,ItemSell_TrangVatPham/32 - Copy.PNG,33,16,316d12328d6e2ae2e5716920e979e215ae455533289b13ce8f15f2f8ae269820,32 - Copy
inventory_sell,ItemSell_TrangVatPham/32.PNG,33,16,316d12328d6e2ae2e5716920e979e215ae455533289b13ce8f15f2f8ae269820,32
inventory_sell,ItemSell_TrangVatPham/33 - Copy.PNG,37,20,d5b38a5d0709078a909c69b9010c7cad113d380c2e1522209d39884d8a065817,33 - Copy
inventory_sell,ItemSell_TrangVatPham/33.PNG,37,20,d5b38a5d0709078a909c69b9010c7cad113d380c2e1522209d39884d8a065817,33
inventory_sell,ItemSell_TrangVatPham/34 - Copy.PNG,36,20,d707b2019047921fcf1cacd67dac9fdddafb6db5b1d65bfafd6e7fdc8e9e50d0,34 - Copy
inventory_sell,ItemSell_TrangVatPham/34.PNG,36,20,d707b2019047921fcf1cacd67dac9fdddafb6db5b1d65bfafd6e7fdc8e9e50d0,34
inventory_sell,ItemSell_TrangVatPham/35 - Copy.PNG,34,17,f9181c2ce51a0afe3b9b961f21bc95ffcb707e9b3e79c69ca594114dfeb0ec8c,35 - Copy
inventory_sell,ItemSell_TrangVatPham/35.PNG,34,17,f9181c2ce51a0afe3b9b961f21bc95ffcb707e9b3e79c69ca594114dfeb0ec8c,35
inventory_sell,ItemSell_TrangVatPham/36 - Copy.PNG,36,21,fc5fbef67c6a870ea51f8d497433e198c4418c73e6b115d3c943631e13f07ab2,36 - Copy
inventory_sell,ItemSell_TrangVatPham/36.PNG,36,21,fc5fbef67c6a870ea51f8d497433e198c4418c73e6b115d3c943631e13f07ab2,36
inventory_sell,ItemSell_TrangVatPham/37 - Copy.PNG,36,19,fffb86d6c390d899c31dfea2bfe1a1029a342e1c034e281e29f6eb4cb5f6ae67,37 - Copy
inventory_sell,ItemSell_TrangVatPham/37.PNG,36,19,fffb86d6c390d899c31dfea2bfe1a1029a342e1c034e281e29f6eb4cb5f6ae67,37
inventory_sell,ItemSell_TrangVatPham/38 - Copy.PNG,35,22,417c6ca50e60d229abfd17f66c661b5baa257d032b036a5b7045bb20e3e74c01,38 - Copy
inventory_sell,ItemSell_TrangVatPham/38.PNG,35,22,417c6ca50e60d229abfd17f66c661b5baa257d032b036a5b7045bb20e3e74c01,38
inventory_sell,ItemSell_TrangVatPham/39 - Copy.PNG,35,21,8d07db673f47adc18600d973934a65c3cdd485d901b8f41d6efd22067dfb9715,39 - Copy
inventory_sell,ItemSell_TrangVatPham/39.PNG,35,21,8d07db673f47adc18600d973934a65c3cdd485d901b8f41d6efd22067dfb9715,39
inventory_sell,ItemSell_TrangVatPham/4 - Copy.PNG,34,16,8ceecdb425a52da649e863b859610c199b2a2a2f40827afd6855c3abf8b7db75,4 - Copy
inventory_sell,ItemSell_TrangVatPham/4.PNG,34,16,8ceecdb425a52da649e863b859610c199b2a2a2f40827afd6855c3abf8b7db75,4
inventory_sell,ItemSell_TrangVatPham/40 - Copy.PNG,32,18,495671bab7bd15d87b35970f3ea5e14ba33dcac87321b96e5f6bb94fb1f008e6,40 - Copy
inventory_sell,ItemSell_TrangVatPham/40.PNG,32,18,495671bab7bd15d87b35970f3ea5e14ba33dcac87321b96e5f6bb94fb1f008e6,40
inventory_sell,ItemSell_TrangVatPham/41 - Copy.PNG,33,22,80b73c01404a8c276107fee933703648d6938aa39b4002fe12ebc7a9533525fb,41 - Copy
inventory_sell,ItemSell_TrangVatPham/41.PNG,33,22,80b73c01404a8c276107fee933703648d6938aa39b4002fe12ebc7a9533525fb,41
inventory_sell,ItemSell_TrangVatPham/42 - Copy.PNG,37,23,c985cc00b64a0c7de5f06faeab4ffa0cabafb5f5ed1be963f826c8563d01e0d4,42 - Copy
inventory_sell,ItemSell_TrangVatPham/42.PNG,37,23,c985cc00b64a0c7de5f06faeab4ffa0cabafb5f5ed1be963f826c8563d01e0d4,42
inventory_sell,ItemSell_TrangVatPham/43 - Copy.PNG,37,22,0bf8ac261b56ad2489eb202c59fb30120c9ce22fe5deede9c557d635a25a1cd4,43 - Copy
inventory_sell,ItemSell_TrangVatPham/43.PNG,37,22,0bf8ac261b56ad2489eb202c59fb30120c9ce22fe5deede9c557d635a25a1cd4,43
inventory_sell,ItemSell_TrangVatPham/44 - Copy.PNG,38,18,8c7da4358957a5d95e4d742a51534b91b25a0557fe20db46f8acd5f45d7260ba,44 - Copy
inventory_sell,ItemSell_TrangVatPham/44.PNG,38,18,8c7da4358957a5d95e4d742a51534b91b25a0557fe20db46f8acd5f45d7260ba,44
inventory_sell,ItemSell_TrangVatPham/45 - Copy.PNG,40,26,4d87f17db5edc9182081d4d7f4eceffbf7e7bb8369c6a5118e24f758bfa584a1,45 - Copy
inventory_sell,ItemSell_TrangVatPham/45.PNG,40,26,4d87f17db5edc9182081d4d7f4eceffbf7e7bb8369c6a5118e24f758bfa584a1,45
inventory_sell,ItemSell_TrangVatPham/46 - Copy.PNG,36,22,4d7040dbb228f7b5222abb1a754cc2dc2cf5da43691b0d0e7fcc33b29072ad8d,46 - Copy
inventory_sell,ItemSell_TrangVatPham/46.PNG,36,22,4d7040dbb228f7b5222abb1a754cc2dc2cf5da43691b0d0e7fcc33b29072ad8d,46
inventory_sell,ItemSell_TrangVatPham/47 - Copy.PNG,33,17,45175cc5ad121247d4074dc8f05877c47b59c04280f697e0dbbcd5d42067a5a2,47 - Copy
inventory_sell,ItemSell_TrangVatPham/47.PNG,33,17,45175cc5ad121247d4074dc8f05877c47b59c04280f697e0dbbcd5d42067a5a2,47
inventory_sell,ItemSell_TrangVatPham/48 - Copy.PNG,36,23,0dafce563108de395d623349b80f67753559f4b29825e4a9c0f49747d9aee13c,48 - Copy
inventory_sell,ItemSell_TrangVatPham/48.PNG,36,23,0dafce563108de395d623349b80f67753559f4b29825e4a9c0f49747d9aee13c,48
inventory_sell,ItemSell_TrangVatPham/49 - Copy.PNG,38,22,0f43238700d50a44d2f5a934360f7012509ea7526427be2187ad867d2f851e56,49 - Copy
inventory_sell,ItemSell_TrangVatPham/49.PNG,38,22,0f43238700d50a44d2f5a934360f7012509ea7526427be2187ad867d2f851e56,49
inventory_sell,ItemSell_TrangVatPham/5 - Copy.PNG,32,17,a1fb8b4389880b38a5b06c0c79c1d18e2331cb3e20f95ea052b91ba96a600e9b,5 - Copy
inventory_sell,ItemSell_TrangVatPham/5.PNG,32,17,a1fb8b4389880b38a5b06c0c79c1d18e2331cb3e20f95ea052b91ba96a600e9b,5
inventory_sell,ItemSell_TrangVatPham/50 - Copy.PNG,37,23,30a39f62a5cd1e5bf4a01a7efdb82ca42d965242a52a49ea9d4e0e6c9ef98f4f,50 - Copy
inventory_sell,ItemSell_TrangVatPham/50.PNG,37,23,30a39f62a5cd1e5bf4a01a7efdb82ca42d965242a52a49ea9d4e0e6c9ef98f4f,50
inventory_sell,ItemSell_TrangVatPham/51 - Copy.PNG,37,23,0a024d2088afedc945be15a1cb601b9dad7256dea78e0b542d3d01fbc8b92d41,51 - Copy
inventory_sell,ItemSell_TrangVatPham/51.PNG,37,23,0a024d2088afedc945be15a1cb601b9dad7256dea78e0b542d3d01fbc8b92d41,51
inventory_sell,ItemSell_TrangVatPham/52 - Copy.PNG,39,23,9a42ecc0931c12b91d625eca3d174692b3e434ce7de5b0f5eaa687fcb4e9f542,52 - Copy
inventory_sell,ItemSell_TrangVatPham/52.PNG,39,23,9a42ecc0931c12b91d625eca3d174692b3e434ce7de5b0f5eaa687fcb4e9f542,52
inventory_sell,ItemSell_TrangVatPham/53 - Copy.PNG,36,20,bf3b6424ad74c3ac497783a7bde6c78609cd04e5b489e0ad5fe2efec17309330,53 - Copy
inventory_sell,ItemSell_TrangVatPham/53.PNG,36,20,bf3b6424ad74c3ac497783a7bde6c78609cd04e5b489e0ad5fe2efec17309330,53
inventory_sell,ItemSell_TrangVatPham/54 - Copy.PNG,37,22,f933070e4f43a03646d2f6d63a484549c8cd431fccd141883bc31de0d3aa2e26,54 - Copy
inventory_sell,ItemSell_TrangVatPham/54.PNG,37,22,f933070e4f43a03646d2f6d63a484549c8cd431fccd141883bc31de0d3aa2e26,54
inventory_sell,ItemSell_TrangVatPham/55 - Copy.PNG,36,20,6aae848f187f4890d2ddf5fd7ab575c530e84cd02bc309b0752cee68990efcb9,55 - Copy
inventory_sell,ItemSell_TrangVatPham/55.PNG,36,20,6aae848f187f4890d2ddf5fd7ab575c530e84cd02bc309b0752cee68990efcb9,55
inventory_sell,ItemSell_TrangVatPham/56 - Copy.PNG,36,22,80d16766f96770d8263d4080a2beeeb2b3e9404dc76412e5ddc5d4bb46b22f2f,56 - Copy
inventory_sell,ItemSell_TrangVatPham/56.PNG,36,22,80d16766f96770d8263d4080a2beeeb2b3e9404dc76412e5ddc5d4bb46b22f2f,56
inventory_sell,ItemSell_TrangVatPham/57 - Copy.PNG,36,22,077372cffd8babfebef24adcf55cb79ffda2734368be2daf8d4b0b18c43bcfa5,57 - Copy
inventory_sell,ItemSell_TrangVatPham/57.PNG,36,22,077372cffd8babfebef24adcf55cb79ffda2734368be2daf8d4b0b18c43bcfa5,57
inventory_sell,ItemSell_TrangVatPham/58 - Copy.PNG,35,13,06bdadc202ebf8a5dcd66fe0bf286fc13a660c9b388ca7be19dabd11570a2310,58 - Copy
inventory_sell,ItemSell_TrangVatPham/58.PNG,35,13,06bdadc202ebf8a5dcd66fe0bf286fc13a660c9b388ca7be19dabd11570a2310,58
inventory_sell,ItemSell_TrangVatPham/59 - Copy.PNG,36,18,050d22d300e858df5fa4ca97d6abd21556bf40e432ff0fd0212c72d84af48b46,59 - Copy
inventory_sell,ItemSell_TrangVatPham/59.PNG,36,18,050d22d300e858df5fa4ca97d6abd21556bf40e432ff0fd0212c72d84af48b46,59
inventory_sell,ItemSell_TrangVatPham/6 - Copy.PNG,36,18,09bd47091f46d4d82739ea1dc90c03353b44e051848cefa9e206b7ae358deb27,6 - Copy
inventory_sell,ItemSell_TrangVatPham/6.PNG,36,18,09bd47091f46d4d82739ea1dc90c03353b44e051848cefa9e206b7ae358deb27,6
inventory_sell,ItemSell_TrangVatPham/60 - Copy.PNG,39,17,66ccd11c34b39516bfb8d36979f6bee7eab08a721e456444432ecc481f8a2a0a,60 - Copy
inventory_sell,ItemSell_TrangVatPham/60.PNG,39,17,66ccd11c34b39516bfb8d36979f6bee7eab08a721e456444432ecc481f8a2a0a,60
inventory_sell,ItemSell_TrangVatPham/61 - Copy.PNG,37,21,881ee5de3af0d613ce9a0e3137b2acfc51ce64e792c4f8d2ef28fca633289b7e,61 - Copy
inventory_sell,ItemSell_TrangVatPham/61.PNG,37,21,881ee5de3af0d613ce9a0e3137b2acfc51ce64e792c4f8d2ef28fca633289b7e,61
inventory_sell,ItemSell_TrangVatPham/62 - Copy.PNG,38,21,902bca8135f09c29649c4da2f49cff91fc61d1c2b1ed35f3efe7c5231f4dd24d,62 - Copy
inventory_sell,ItemSell_TrangVatPham/62.PNG,38,21,902bca8135f09c29649c4da2f49cff91fc61d1c2b1ed35f3efe7c5231f4dd24d,62
inventory_sell,ItemSell_TrangVatPham/63 - Copy.PNG,38,16,ae5a1cd45faefb3c009fe625ff8e039c97c0a0657f7f5400df5dfe23da5050a2,63 - Copy
inventory_sell,ItemSell_TrangVatPham/63.PNG,38,16,ae5a1cd45faefb3c009fe625ff8e039c97c0a0657f7f5400df5dfe23da5050a2,63
inventory_sell,ItemSell_TrangVatPham/64 - Copy.PNG,33,17,4f7b3126da054466eaaed4f0d8bfbbe682c20fad459474cb688a6ef09d75a01d,64 - Copy
inventory_sell,ItemSell_TrangVatPham/64.PNG,33,17,4f7b3126da054466eaaed4f0d8bfbbe682c20fad459474cb688a6ef09d75a01d,64
inventory_sell,ItemSell_TrangVatPham/65 - Copy.PNG,35,20,70a9f636a70203efc8fee7cb64ad1ee578106a7f3c4e394ea10809f2f0691fc3,65 - Copy
inventory_sell,ItemSell_TrangVatPham/65.PNG,35,20,70a9f636a70203efc8fee7cb64ad1ee578106a7f3c4e394ea10809f2f0691fc3,65
inventory_sell,ItemSell_TrangVatPham/66 - Copy.PNG,36,21,d98e672a117528876638ef4826cc5e47d77a8a9ce78761da5050776e7559a1ac,66 - Copy
inventory_sell,ItemSell_TrangVatPham/66.PNG,36,21,d98e672a117528876638ef4826cc5e47d77a8a9ce78761da5050776e7559a1ac,66
inventory_sell,ItemSell_TrangVatPham/67 - Copy.PNG,37,16,22c6c5be2cf1b1b9a039f5db24611ae3054b341264e51b85a94587317951a7f5,67 - Copy
inventory_sell,ItemSell_TrangVatPham/67.PNG,37,16,22c6c5be2cf1b1b9a039f5db24611ae3054b341264e51b85a94587317951a7f5,67
inventory_sell,ItemSell_TrangVatPham/68 - Copy.PNG,35,17,a3ca3b9e6c26dabe22b8a130818947ab445bb03f0db931eac890bac4305e4002,68 - Copy
inventory_sell,ItemSell_TrangVatPham/68.PNG,35,17,a3ca3b9e6c26dabe22b8a130818947ab445bb03f0db931eac890bac4305e4002,68
inventory_sell,ItemSell_TrangVatPham/69 - Copy.PNG,36,21,0eb3620bc491e38267a3d437671045cb2f330d881094b09835f9fb72a629d6ec,69 - Copy
inventory_sell,ItemSell_TrangVatPham/69.PNG,36,21,0eb3620bc491e38267a3d437671045cb2f330d881094b09835f9fb72a629d6ec,69
inventory_sell,ItemSell_TrangVatPham/7 - Copy.PNG,32,15,42ca89bb88972e48747534e7b24dd4c987c311d95c202b73e4fe2a9ba73f29c6,7 - Copy
inventory_sell,ItemSell_TrangVatPham/7.PNG,32,15,42ca89bb88972e48747534e7b24dd4c987c311d95c202b73e4fe2a9ba73f29c6,7
inventory_sell,ItemSell_TrangVatPham/70 - Copy.PNG,37,19,5769bed9f342938c38ba8a587db4bce84bf3dce892554748161eb5fdb95b38a2,70 - Copy
inventory_sell,ItemSell_TrangVatPham/70.PNG,37,19,5769bed9f342938c38ba8a587db4bce84bf3dce892554748161eb5fdb95b38a2,70
inventory_sell,ItemSell_TrangVatPham/71 - Copy.PNG,37,20,745719bb669bab9381beea4811a47f939016e018419cfacecd49b904d2db54cd,71 - Copy
inventory_sell,ItemSell_TrangVatPham/71.PNG,37,20,745719bb669bab9381beea4811a47f939016e018419cfacecd49b904d2db54cd,71
inventory_sell,ItemSell_TrangVatPham/72 - Copy.PNG,38,20,087c8bec2b4a0f721c967ccfc8f4a60a4b826862fbc8bf477be191a0143ec32a,72 - Copy
inventory_sell,ItemSell_TrangVatPham/72.PNG,38,20,087c8bec2b4a0f721c967ccfc8f4a60a4b826862fbc8bf477be191a0143ec32a,72
inventory_sell,ItemSell_TrangVatPham/73 - Copy.PNG,36,22,abcec24937500b5b16fe7b659b157d8368577f25768e4b012601cbeba16f754c,73 - Copy
inventory_sell,ItemSell_TrangVatPham/73.PNG,36,22,abcec24937500b5b16fe7b659b157d8368577f25768e4b012601cbeba16f754c,73
inventory_sell,ItemSell_TrangVatPham/75 - Copy.PNG,35,17,a72670bd074b4bb92de21704b329913e422ffdb64db08683329aa19d8a31f3a6,75 - Copy
inventory_sell,ItemSell_TrangVatPham/75.PNG,35,17,a72670bd074b4bb92de21704b329913e422ffdb64db08683329aa19d8a31f3a6,75
inventory_sell,ItemSell_TrangVatPham/76 - Copy.PNG,35,16,e44af465beb44b224d60e0a331221f0a6b40de5e07d279764a21031f59798813,76 - Copy
inventory_sell,ItemSell_TrangVatPham/76.PNG,35,16,e44af465beb44b224d60e0a331221f0a6b40de5e07d279764a21031f59798813,76
inventory_sell,ItemSell_TrangVatPham/77 - Copy.PNG,35,16,0ef2616a307c1a349f8abbb99bfb4940c31e58f83d539094b2bcca49e9253232,77 - Copy
inventory_sell,ItemSell_TrangVatPham/77.PNG,35,16,0ef2616a307c1a349f8abbb99bfb4940c31e58f83d539094b2bcca49e9253232,77
inventory_sell,ItemSell_TrangVatPham/78 - Copy.PNG,34,12,9b265238e603aad8932115cb9fb1d55dfcfcae70749210cdbd0dc2a6b82a6c39,78 - Copy
inventory_sell,ItemSell_TrangVatPham/78.PNG,34,12,9b265238e603aad8932115cb9fb1d55dfcfcae70749210cdbd0dc2a6b82a6c39,78
inventory_sell,ItemSell_TrangVatPham/79 - Copy.PNG,36,21,c42121a7b372d0a176eb9896e0493feb8e7873fbff03caca47fb791e57807ef9,79 - Copy
inventory_sell,ItemSell_TrangVatPham/79.PNG,36,21,c42121a7b372d0a176eb9896e0493feb8e7873fbff03caca47fb791e57807ef9,79
inventory_sell,ItemSell_TrangVatPham/8 - Copy.PNG,35,15,89595a88b7b090023ac7a9d3925984f556a412d7414604e24077da4e0f8b5977,8 - Copy
inventory_sell,ItemSell_TrangVatPham/8.PNG,35,15,89595a88b7b090023ac7a9d3925984f556a412d7414604e24077da4e0f8b5977,8
inventory_sell,ItemSell_TrangVatPham/81 - Copy.PNG,34,18,282b4009534c3e0a13d27b2bb417bc533ccb3ac1ef0bdd68860fb784c258913f,81 - Copy
inventory_sell,ItemSell_TrangVatPham/81.PNG,34,18,282b4009534c3e0a13d27b2bb417bc533ccb3ac1ef0bdd68860fb784c258913f,81
inventory_sell,ItemSell_TrangVatPham/82 - Copy.PNG,38,17,d161d71d7349e66694e5702b302e628344b7628ee62de69916fff6caa1e4fb0f,82 - Copy
inventory_sell,ItemSell_TrangVatPham/82.PNG,38,17,d161d71d7349e66694e5702b302e628344b7628ee62de69916fff6caa1e4fb0f,82
inventory_sell,ItemSell_TrangVatPham/83 - Copy.PNG,36,15,f87206d2bdcee85b23db2b52cb80a1c7fb796b51d02a70a1c09915c75ede5e00,83 - Copy
inventory_sell,ItemSell_TrangVatPham/83.PNG,36,15,f87206d2bdcee85b23db2b52cb80a1c7fb796b51d02a70a1c09915c75ede5e00,83
inventory_sell,ItemSell_TrangVatPham/84 - Copy.PNG,34,19,99e500e6d680ce50ccc3f3b931410b12dd87f6c8cdacc5dc840cbd301bff44d3,84 - Copy
inventory_sell,ItemSell_TrangVatPham/84.PNG,34,19,99e500e6d680ce50ccc3f3b931410b12dd87f6c8cdacc5dc840cbd301bff44d3,84
inventory_sell,ItemSell_TrangVatPham/85 - Copy.PNG,35,21,c0adedfa55bad13e549ec528109fa94ea389915abc16b38f9724a3349dfd7d3a,85 - Copy
inventory_sell,ItemSell_TrangVatPham/85.PNG,35,21,c0adedfa55bad13e549ec528109fa94ea389915abc16b38f9724a3349dfd7d3a,85
inventory_sell,ItemSell_TrangVatPham/86 - Copy.PNG,36,18,737d46845cefc523196a55f54c58a13ef78fd0864850cccb9fc60a809e4b36a2,86 - Copy
inventory_sell,ItemSell_TrangVatPham/86.PNG,36,18,737d46845cefc523196a55f54c58a13ef78fd0864850cccb9fc60a809e4b36a2,86
inventory_sell,ItemSell_TrangVatPham/87 - Copy.PNG,34,21,18a8a59478514a2ebefd63cc4d6f0deb32c67199239c58d24d021daaea6b163e,87 - Copy
inventory_sell,ItemSell_TrangVatPham/87.PNG,34,21,18a8a59478514a2ebefd63cc4d6f0deb32c67199239c58d24d021daaea6b163e,87
inventory_sell,ItemSell_TrangVatPham/88 - Copy.PNG,35,21,9d8738145010ee5613e1250000ac5569e083414a81dfbad465b7f5ad51976bc5,88 - Copy
inventory_sell,ItemSell_TrangVatPham/88.PNG,35,21,9d8738145010ee5613e1250000ac5569e083414a81dfbad465b7f5ad51976bc5,88
inventory_sell,ItemSell_TrangVatPham/89 - Copy.PNG,37,21,17880971c4338a12f2b9c392884b5e7299d34ab4a9b13a89f1b1fda882965541,89 - Copy
inventory_sell,ItemSell_TrangVatPham/89.PNG,37,21,17880971c4338a12f2b9c392884b5e7299d34ab4a9b13a89f1b1fda882965541,89
inventory_sell,ItemSell_TrangVatPham/9 - Copy.PNG,34,16,728fe6f6f58bfb2c2db36b680b432c47cea2f8178a07f3d722fee5edb95ea879,9 - Copy
inventory_sell,ItemSell_TrangVatPham/9.PNG,34,16,728fe6f6f58bfb2c2db36b680b432c47cea2f8178a07f3d722fee5edb95ea879,9
inventory_sell,ItemSell_TrangVatPham/90 - Copy.PNG,37,21,3a00008c70ed29831747a9aac053479370d31533dfc344938c7f1e2ed704e8fc,90 - Copy
inventory_sell,ItemSell_TrangVatPham/90.PNG,37,21,3a00008c70ed29831747a9aac053479370d31533dfc344938c7f1e2ed704e8fc,90
inventory_sell,ItemSell_TrangVatPham/91 - Copy.PNG,34,16,f98109477e62f11e19a03dc616ed21313e027e2dd748a945b5e7f8f1c9e1468e,91 - Copy
inventory_sell,ItemSell_TrangVatPham/91.PNG,34,16,f98109477e62f11e19a03dc616ed21313e027e2dd748a945b5e7f8f1c9e1468e,91
inventory_sell,ItemSell_TrangVatPham/92 - Copy.PNG,36,18,4bd72d499ab0073951bb974e1e73087d228c81646f6b7da5214c2c297c52c1a9,92 - Copy
inventory_sell,ItemSell_TrangVatPham/92.PNG,36,18,4bd72d499ab0073951bb974e1e73087d228c81646f6b7da5214c2c297c52c1a9,92
inventory_sell,ItemSell_TrangVatPham/93 - Copy.PNG,36,20,824a245f770ac3b5cc8f2bea888c246583c8a6195e6a352b269f32abe813ee85,93 - Copy
inventory_sell,ItemSell_TrangVatPham/93.PNG,36,20,824a245f770ac3b5cc8f2bea888c246583c8a6195e6a352b269f32abe813ee85,93
inventory_sell,ItemSell_TrangVatPham/94 - Copy.PNG,35,14,43ac6486b80718df587fafd106854f49988a4c02e52bba482cb8f3ea13e75be1,94 - Copy
inventory_sell,ItemSell_TrangVatPham/94.PNG,35,14,43ac6486b80718df587fafd106854f49988a4c02e52bba482cb8f3ea13e75be1,94
inventory_sell,ItemSell_TrangVatPham/95 - Copy.PNG,35,18,49a90118cfd7a0869569af8f0836fc07ad5125e9fdc041b6f1f28784e1efa951,95 - Copy
inventory_sell,ItemSell_TrangVatPham/95.PNG,35,18,49a90118cfd7a0869569af8f0836fc07ad5125e9fdc041b6f1f28784e1efa951,95
inventory_sell,ItemSell_TrangVatPham/96 - Copy.PNG,35,19,b6ad45f6265c46a3eeb78229c79e4f9f181e1885d70f68749d1f8849ce930236,96 - Copy
inventory_sell,ItemSell_TrangVatPham/96.PNG,35,19,b6ad45f6265c46a3eeb78229c79e4f9f181e1885d70f68749d1f8849ce930236,96
inventory_sell,ItemSell_TrangVatPham/97 - Copy.PNG,37,19,a9ae4eac506e1e219263e0ee6c83e63fc1f0d0143a47e7c52ca5019d5fb71dce,97 - Copy
inventory_sell,ItemSell_TrangVatPham/97.PNG,37,19,a9ae4eac506e1e219263e0ee6c83e63fc1f0d0143a47e7c52ca5019d5fb71dce,97
inventory_sell,ItemSell_TrangVatPham/98 - Copy.PNG,35,22,b9ca44eec20524108c3328fbc6a21cbce0d02203fe242a0bddda658ce1c29b32,98 - Copy
inventory_sell,ItemSell_TrangVatPham/98.PNG,35,22,b9ca44eec20524108c3328fbc6a21cbce0d02203fe242a0bddda658ce1c29b32,98
inventory_sell,ItemSell_TrangVatPham/99 - Copy.PNG,34,23,0972ea7d7e98af25ac87b395236f8424c1781fc867bc53baccbe3f4b1d7673a2,99 - Copy
inventory_sell,ItemSell_TrangVatPham/99.PNG,34,23,0972ea7d7e98af25ac87b395236f8424c1781fc867bc53baccbe3f4b1d7673a2,99
inventory_sell,ItemSell_TrangVatPham/Capture.PNG023e.PNG,45,20,fda7ef6224bd13c9480a9daf32a806d783c7981b5c106d58a67e9b0ebd5e2f3c,Capture.PNG023e
inventory_sell,ItemSell_TrangVatPham/Capture.PNG100gg.PNG,38,16,bf3d40e08d5a0df3e7aa860b6cfd91af562f79788770038c763ce0594729ed66,Capture.PNG100gg
inventory_sell,ItemSell_TrangVatPham/Capture.PNG11da.PNG,32,18,bcf36123160ba416c285fa93b965fb5c78d345063faf41932512d221c4c3c11e,Capture.PNG11da
inventory_sell,ItemSell_TrangVatPham/Capture.PNG2aa.PNG,38,13,ae1f682fd2f246b96fcc7dc0f715a0e618d807700402095acf4bb72e02ec72e9,Capture.PNG2aa
inventory_sell,ItemSell_TrangVatPham/Capture.PNG3bb.PNG,42,18,2b5637e4506f0d9053d9e7ccc04953577021abc3436036887bfcadff4a843c64,Capture.PNG3bb
inventory_sell,ItemSell_TrangVatPham/Capture.PNG3xvv.PNG,38,19,2a3f34be81ff2c3d2db0c1f09a2c5cceaf6e6dd810975dc088525ab0fcc49102,Capture.PNG3xvv
inventory_sell,ItemSell_TrangVatPham/Capture.PNG418m.PNG,40,18,956d263897ed347b00c543bf49b3b20344e74854d62e4f0bb1428f5d30a9f21b,Capture.PNG418m
inventory_sell,ItemSell_TrangVatPham/Capture.PNG4zxa.PNG,31,13,2ea729ab9cebf286993f8733ab0dcd5b2d0302e3346501c7de6615ba40b1c1f8,Capture.PNG4zxa
inventory_sell,ItemSell_TrangVatPham/Capture.PNG548mnd.PNG,44,19,ac8f53de6b87ad7afa0484cb0eb3ff778a85032aa34b3de60b3ae0f3cd76b8b2,Capture.PNG548mnd
inventory_sell,ItemSell_TrangVatPham/Capture.PNG55ms.PNG,40,19,bbd3cb1ce3f235c99562e04a44f7d5750847737d45fff5f5424a889adef145b1,Capture.PNG55ms
inventory_sell,ItemSell_TrangVatPham/Capture.PNG5bvbv.PNG,46,18,b1ed8b0ad9374366aa9234c2261986d1268bd421cbaee702fda3f949acb80128,Capture.PNG5bvbv
inventory_sell,ItemSell_TrangVatPham/Capture.PNG5nzz.PNG,41,16,b84305f3571913cf53eb5595f601d8db688a8b599fb2cb2e50a8ef1341ba94b3,Capture.PNG5nzz
inventory_sell,ItemSell_TrangVatPham/Capture.PNG62xc.PNG,40,17,a33a818f8321f1814fd418864e427bfecb181456829bd08d2c39d54bf86661f1,Capture.PNG62xc
inventory_sell,ItemSell_TrangVatPham/Capture.PNG677m.PNG,41,19,2e7f250769790923bc5146924a44d87d972b26564e4a518feb64bcc0c8d324ca,Capture.PNG677m
inventory_sell,ItemSell_TrangVatPham/Capture.PNG6mm0.PNG,43,18,d743797c06298b21166cce79ac35783b35754ee2bffb58f8fff0c26ce5053e4a,Capture.PNG6mm0
inventory_sell,ItemSell_TrangVatPham/Capture.PNG704h.PNG,43,16,8f3b4f284f3e58bbf93e230f45339d0a727e0db4327e97dbbd46a6319559d95e,Capture.PNG704h
inventory_sell,ItemSell_TrangVatPham/Capture.PNG742f.PNG,35,19,b5459bd4dee1ae6f69469a520831a39bb9945cfe015b37b5b49ed1e271a05ad2,Capture.PNG742f
inventory_sell,ItemSell_TrangVatPham/Capture.PNGfyc.PNG,45,18,8f9357032f4b05257e4e1cea4cfcfa44eea58d786532b5987a671fbb56eac924,Capture.PNGfyc
inventory_sell,ItemSell_TrangVatPham/a1.PNG,37,20,70952a0461ddbfd1f76819cb19b6017d53772701f8aeab6e8a93801536936ffe,a1
inventory_sell,ItemSell_TrangVatPham/aac1.PNG,42,22,b471a956db1ccc6a4ccacfc60ae9ce0333331667f95415357e5d3ca2a5a6cd0b,aac1
inventory_sell,ItemSell_TrangVatPham/avav2.PNG,36,18,dc8589f1104d53010b9bcd0737bab084996ea6d57fd59bd3009856853831b929,avav2
inventory_sell,ItemSell_TrangVatPham/b1.PNG,38,24,eefc44645ec7e927b3fa95b7f5bb8482f40f2de26fd25b8516590b8b59169dd9,b1
inventory_sell,ItemSell_TrangVatPham/b2.PNG,38,16,2ec8f24a54fd6d5e102b69f46bf995ddac1df665a5d5efabea6f89a8d137702e,b2
inventory_sell,ItemSell_TrangVatPham/b3.PNG,34,19,09c0f3f5b4252329cf4fa1efa869ae981e87fc0ce6f62e17c36ee1d2598d034c,b3
inventory_sell,ItemSell_TrangVatPham/b4.PNG,41,21,0571166c02813f2d69b8f95f6d92221836e7fbc6d318949d0d03592c5c8da047,b4
inventory_sell,ItemSell_TrangVatPham/bb3.PNG,40,21,e7f4250f2a88eb1571092e539b3b2a7f7661dc644da89185e481ecede3324157,bb3
inventory_sell,ItemSell_TrangVatPham/bbn1.PNG,39,21,371a1799e6cab6a770e946d84dacc983353bee5e12c1c0175e7edf9d5e9e1a33,bbn1
inventory_sell,ItemSell_TrangVatPham/c1.PNG,23,18,2baeb905ccc07bba6e69d9fb4d5b5f3bf8991cb30d0b2c861eaa538b2020dddc,c1
inventory_sell,ItemSell_TrangVatPham/c10.PNG,27,14,39b8c78e0ec9912b37970cdb74925640fe52c2992072e7d7a053ad4c484fc5f2,c10
inventory_sell,ItemSell_TrangVatPham/c11.PNG,31,14,1f269746019e275a0bd2d13d0f8232e4c3f5515b841a4520e3f01b411d8da34d,c11
inventory_sell,ItemSell_TrangVatPham/c12.PNG,28,16,86b7f2ce39be42134d4c6cd055097185fae9b12e29c9e04df6db402090d17216,c12
inventory_sell,ItemSell_TrangVatPham/c13.PNG,25,21,8d6c0f72fbe9d2400be305e720bd787ceb54287ce6b7699cfd1d05166c92c944,c13
inventory_sell,ItemSell_TrangVatPham/c14.PNG,26,19,24dfa68faab75f56b443ef5c8976cfb1baeb43ef12808f39d5b92aac3bbb0ae4,c14
inventory_sell,ItemSell_TrangVatPham/c15.PNG,29,16,c9824a5e664b3b06f704dd39323f508fbeb2b0096ad8dad6f0329cb97e1d9e3c,c15
inventory_sell,ItemSell_TrangVatPham/c16.PNG,26,14,e582517646e11e23a185cec3b66e1d7dd4539b11470a915bc9b7ebe6be85f997,c16
inventory_sell,ItemSell_TrangVatPham/c17.PNG,28,14,a055cd6467d687846de903ad6a41c89db3786b5eb25aba6687c8c9a7bd51b905,c17
inventory_sell,ItemSell_TrangVatPham/c18.PNG,30,12,2bd2b3c65443ad007fa94459e3d170e1d5d2c118134f00ee1127b8a6bf281847,c18
inventory_sell,ItemSell_TrangVatPham/c19.PNG,26,14,09991a989f2c8439245d49b4763de605cef7908239429ff4af138c92eece6021,c19
inventory_sell,ItemSell_TrangVatPham/c2.PNG,25,18,d1f714ba81bd7b697a6398b725622405f02eac47843e3278822e8051c633f086,c2
inventory_sell,ItemSell_TrangVatPham/c20.PNG,32,13,888a54a53ae2daf3f4ad13a19e6c2a6fae7de6c3255460c1cae40a2a11d4c043,c20
inventory_sell,ItemSell_TrangVatPham/c3.PNG,25,18,589805993326f2d09753bc1bb2fbd0916588ab21a7b078e4970ef5f6eceb9af6,c3
inventory_sell,ItemSell_TrangVatPham/c4.PNG,30,13,ea1f5bfadb33d3425c9648308897275beab6dc5ec18caf20766caa5960044098,c4
inventory_sell,ItemSell_TrangVatPham/c5.PNG,23,17,7f9ab88c77f43137c88fb4672b81673bf70a27296bf9c57ec80471332f989ee3,c5
inventory_sell,ItemSell_TrangVatPham/c6.PNG,26,14,86afc3906591a1848be42a87f6819e9bd62dc83cd35bfe155b02200b528c9bd0,c6
inventory_sell,ItemSell_TrangVatPham/c7.PNG,24,16,6643898cff62e9c45d2653f795d54fa62622cfd0fc8ab9e05ca9a43c4b9d577e,c7
inventory_sell,ItemSell_TrangVatPham/c8.PNG,27,16,db022df3e1787052b51985c4ceb488f16c59bf222ebe1746ecc69706ce624e44,c8
inventory_sell,ItemSell_TrangVatPham/c9.PNG,25,18,ab8726c2840e399221f4aab4ab341917617b23236d44aa8676e89dbfa40eb33b,c9
inventory_sell,ItemSell_TrangVatPham/cascasc1.PNG,37,18,9ae08ae0d63d1bf7563408d8a0f28e59f27e36e2ac7bcb6f69994530ddc5ee92,cascasc1
inventory_sell,ItemSell_TrangVatPham/cc1.PNG,38,21,f266b20b9dbe05acb6dfa071a60f826c4458234151614240833e0e935abb2be1,cc1
inventory_sell,ItemSell_TrangVatPham/ccasc1.PNG,43,18,00529e1fdcf089e22b9ed5ba7d7f0bf8c7faed41847b9d98837c2c3fe77d1e5d,ccasc1
inventory_sell,ItemSell_TrangVatPham/ccascascasc.PNG,40,22,6b6aa5fca8dc17589a45240e296f69a9108f7c314c26bc7b56c3abf6049a4df0,ccascascasc
inventory_sell,ItemSell_TrangVatPham/ccc1.PNG,42,21,e559f6d1b118373fe8c407455bf320c23c7dc0fe24fbf08aead82aea52cb4677,ccc1
inventory_sell,ItemSell_TrangVatPham/cccc1.PNG,38,23,54d0cb5ac7bb9e316057929d34a68bde2e20cf3026a53121ac48a09e7389c81d,cccc1
inventory_sell,ItemSell_TrangVatPham/cccsacas.PNG,37,19,ce18efe28fbe85013dc96eb2d2964b7b9181d839d8941e86722e0ff25a25f34e,cccsacas
inventory_sell,ItemSell_TrangVatPham/ccqcqcqwc.PNG,39,20,027672f6cbfd6bf279ba99c9aa57c654f0fe691ff279842ade70d855736a5074,ccqcqcqwc
inventory_sell,ItemSell_TrangVatPham/ccqcqwc.PNG,35,19,e328ab4aeecfcc5745a484d191bbd9539c6e7c1b6c3878d7d6eb9231d4bfd163,ccqcqwc
inventory_sell,ItemSell_TrangVatPham/cqcwq1.PNG,35,16,208c5bddde3ff789bc9d7107e3afb713d7ada184fd17a8aa28109cd06c02f95c,cqcwq1
inventory_sell,ItemSell_TrangVatPham/cqcwqc.PNG,40,16,fff1ab8325d3d806f6fc9e6a0fc9feff82ca31f6ea0b6a87b567589053835878,cqcwqc
inventory_sell,ItemSell_TrangVatPham/cqwcqwcqw.PNG,39,21,0cc4a00581b2ad8cbaf17b5ba1c434c9b15608e345593f63b8ea131688386b7b,cqwcqwcqw
inventory_sell,ItemSell_TrangVatPham/cqwcqwcqwc.PNG,34,19,d6c91e43273096d5fe1070a3de5f216587c86c7f0637cc73b354117678942e9e,cqwcqwcqwc
inventory_sell,ItemSell_TrangVatPham/cqwcwqcwqc.PNG,38,22,8aad9f09879e2adedb8509a47f48bea2e94ef279216d40fc06238959e0bdcfbb,cqwcwqcwqc
inventory_sell,ItemSell_TrangVatPham/cqwcwqcwqcqwc.PNG,36,20,ecce3918c627ecf95d353ce3b4312d1b12ae634ec447abb68249f3f33a99b112,cqwcwqcwqcqwc
inventory_sell,ItemSell_TrangVatPham/cqwqcqw1.PNG,37,22,ec205000680474d741ef32bee53654bf655158da172963ca181d4ea089136d93,cqwqcqw1
inventory_sell,ItemSell_TrangVatPham/cvcc1.PNG,41,20,3fc4ed998afad37f196e647b43800d6c7029fcad7709f8b6196a79cd1130158c,cvcc1
inventory_sell,ItemSell_TrangVatPham/cwqcwqcwqcc.PNG,35,16,bc0e448d46523e0de3411d55410156bebaf93dc5e239b57b9451dc635694f8ce,cwqcwqcwqcc
inventory_sell,ItemSell_TrangVatPham/d1d1d1d2.PNG,42,19,936f1988cc5f67d2e3963dd36784d1bec9166ec536c442e710afaaea140e5fc6,d1d1d1d2
inventory_sell,ItemSell_TrangVatPham/dasdasd1.PNG,38,22,59ee6d2941d37d4389edec8cd84c9ce70bbbcfa51ab19255452662a858c38747,dasdasd1
inventory_sell,ItemSell_TrangVatPham/dczcdscasc.PNG,40,19,4f0f4fdc0e4cbf59a603c8ccc4a44714e8032a3f805cc17c91b50434ceb38b30,dczcdscasc
inventory_sell,ItemSell_TrangVatPham/ddddaa1.PNG,141,65,d3915a136e4fcc3b0e81cd1ae331a5071ebc580e2143b267b5921cf4bcb4bf14,ddddaa1
inventory_sell,ItemSell_TrangVatPham/ddddd1.PNG,137,55,fb136fcce7d22c5b754ea13f7e2ccf56937e94d444224129fcd2c77115301db8,ddddd1
inventory_sell,ItemSell_TrangVatPham/dddfdf1.PNG,137,70,a868db63e2a619299bd56dc1afc3f2602955f9efd53fab7be37f6bbd0c4df4bb,dddfdf1
inventory_sell,ItemSell_TrangVatPham/ddqdwqcqwc.PNG,36,19,9991856492f099ea7b4814653038a9c745377e6c269231c3da682d5c23220479,ddqdwqcqwc
inventory_sell,ItemSell_TrangVatPham/ddss1.PNG,39,19,9c5762e08f22e697d52f0d049c6bf2d1238d3ef3022214bb0af3a6ceab7f7fda,ddss1
inventory_sell,ItemSell_TrangVatPham/dqwcqwcqwc.PNG,35,18,3d948116f2a600f84991ed54742fbafad0e2163c8904666072aae4c66f7cb861,dqwcqwcqwc
inventory_sell,ItemSell_TrangVatPham/dqwd1d.PNG,38,20,3ef3b4f9ca8a55bceaf7c698a84e11579a6e14de2a1be7554c732ef442b4176e,dqwd1d
inventory_sell,ItemSell_TrangVatPham/dqwdqwd.PNG,34,15,6130ad553d239724f87c2cfe3086d4c11799a8776fe3a3768c53346186872859,dqwdqwd
inventory_sell,ItemSell_TrangVatPham/dqwdqwdqwcwcwq.PNG,38,22,13e1f5cfb941f113a5b64bf29927dbd8d64bda3d3b9ea3b22748b45e61d47611,dqwdqwdqwcwcwq
inventory_sell,ItemSell_TrangVatPham/dwqcqcqcq.PNG,36,19,ee54902a2c9ac028c239bbde7205941cc2d2ad07bb5622140c5d861a1792166e,dwqcqcqcq
inventory_sell,ItemSell_TrangVatPham/gh31.PNG,37,21,64797142574e54b6b7181d5f09fccadff4c16d68e6f8e630cb1958d9e25b66ec,gh31
inventory_sell,ItemSell_TrangVatPham/hg1.PNG,39,19,ff6a6674ba8ec40b62c7b7d58699fef0ae0434e06f0bf123a0ee987afe27638b,hg1
inventory_sell,ItemSell_TrangVatPham/m1.PNG,40,24,e3849a9134ae2eefb2d7ce03376b9f8f2fc2005d8a2f6d732c4021b6148055de,m1
inventory_sell,ItemSell_TrangVatPham/m10.PNG,37,25,09b88200445b36254610532a50997402a34667f54431c59ffb2d9040bd790457,m10
inventory_sell,ItemSell_TrangVatPham/m11.PNG,35,26,3e213c77d221e221561d81746d96c1e40881d8d0b614b2ad633b95a526ab33cf,m11
inventory_sell,ItemSell_TrangVatPham/m12.PNG,36,25,f27ce19e02c1026ec6d24488978f79ec18608d7380edd119650c168e56d658ca,m12
inventory_sell,ItemSell_TrangVatPham/m13.PNG,40,24,2620c08f1fa8961e0b259a4933857eb01e713603beb9526e06f0ef7368c8ea7d,m13
inventory_sell,ItemSell_TrangVatPham/m14.PNG,34,25,6783e19cf4764bc84a6c4635e35b9f91d50583d125b6c364ded7370330fb0b77,m14
inventory_sell,ItemSell_TrangVatPham/m15.PNG,38,26,9b2de2c60ded485a5771e21f80294c9d9c5dd6cea08a2220449dc5b964275bca,m15
inventory_sell,ItemSell_TrangVatPham/m16.PNG,36,26,5f4fee67cc7962a6cca277d03ded96bf5b674d4deda299bf040c03ba70233d38,m16
inventory_sell,ItemSell_TrangVatPham/m17.PNG,34,22,2538ff85ea84ac3d6cdbbff3ba7075a377fffdccc2bc74729dbb97b9aede27fb,m17
inventory_sell,ItemSell_TrangVatPham/m18.PNG,38,26,71d887fb31e41d1cad5030e931dfe0d250792673518261c487f0b3c49085b5d9,m18
inventory_sell,ItemSell_TrangVatPham/m19.PNG,37,25,d08f4eb382508c68e7706eac5a45be00fc484076610ab3cf625a5b3d1563118d,m19
inventory_sell,ItemSell_TrangVatPham/m2.PNG,40,28,b96131b4e2de16ed3147531263b064965a826a8d7a2c7a58d25bdece65b42a5e,m2
inventory_sell,ItemSell_TrangVatPham/m20.PNG,39,24,98b14fc237eb6dc4608f6d111d999c67e14faad224d669b24c074d5ef3f312ed,m20
inventory_sell,ItemSell_TrangVatPham/m21.PNG,39,23,90bb102783c39d9cb80ef66664fa2eaddacdec599622a0b31c81d360a5e5ee8c,m21
inventory_sell,ItemSell_TrangVatPham/m22.PNG,38,26,f12544b73645d09bdded033093673e96aa0bb7db57994d371eabd764a98258f0,m22
inventory_sell,ItemSell_TrangVatPham/m23.PNG,37,23,bd8f97cb24006a1812ac725987858886e7512f531c39c7fa22dc0fa0b27c834a,m23
inventory_sell,ItemSell_TrangVatPham/m24.PNG,38,20,6f733d26400f4076d40ea6e4b721f32e004a06c766d199be39a8c8cacf1442d2,m24
inventory_sell,ItemSell_TrangVatPham/m25.PNG,41,26,41de8030d4fe3e5484a2c8420cbda902fa76366deea0b38e77c51ef53a7f8b8f,m25
inventory_sell,ItemSell_TrangVatPham/m26.PNG,38,28,8ed6891f963752ef0c374bb27a82f7cda8cb8ac3e79258c7c156371298cc27bf,m26
inventory_sell,ItemSell_TrangVatPham/m27.PNG,41,26,df98bd74555e0f083b61c4b98f9e0e94da6887fdd350f0224a4093f9406b7d7f,m27
inventory_sell,ItemSell_TrangVatPham/m28.PNG,37,26,0264e884c001b4cb36bb0fc262a4274429517563174509dfa92acd79f43ce25c,m28
inventory_sell,ItemSell_TrangVatPham/m29.PNG,40,27,95ffcc42e58633ae180e378a228f066a6ad83c5020ae701d6ca84912a94647ba,m29
inventory_sell,ItemSell_TrangVatPham/m3.PNG,40,26,3493766cba0bb85ce080f27d4c4a04de9e5895d2c4b473d65e50e24c83c2ea88,m3
inventory_sell,ItemSell_TrangVatPham/m30.PNG,41,29,a30b8971b236d0a3d0467181745b6db8158ba51e51ea525c7ce68208937cfe1d,m30
inventory_sell,ItemSell_TrangVatPham/m31.PNG,40,23,38e4968f62d23c9d4837e31796fe77ce91291bb57f304d1182308bd11dc0c4f8,m31
inventory_sell,ItemSell_TrangVatPham/m32.PNG,36,23,c21db97ed9dd07b12121535e55eba2f8bd0f150eb4aa3d68da7af84772c90d00,m32
inventory_sell,ItemSell_TrangVatPham/m33.PNG,38,22,5320a2cf29d0481ab0bd10e405dc7295f03911e2420c30751dbd00cab8668980,m33
inventory_sell,ItemSell_TrangVatPham/m34.PNG,33,27,7c9f94df3d1569e3a59920a8194103dbfafa597bc898a98c6a98d2ffd641d45d,m34
inventory_sell,ItemSell_TrangVatPham/m36.PNG,37,26,8d75dd34ab8fe74f03d438eee37df88046cf053866cb8445ffdb620c59632f28,m36
inventory_sell,ItemSell_TrangVatPham/m37.PNG,34,21,0612ee965df3db03c85114f74ec296649dfd34c2e08f36bc280f810c8b36003d,m37
inventory_sell,ItemSell_TrangVatPham/m38.PNG,34,24,32ca3fab9328e6d3b297a0d87f83c112c3fd86ff38bffb52a5b57d8cbdd7161b,m38
inventory_sell,ItemSell_TrangVatPham/m39.PNG,37,21,1971a81c22b9385e1ff0513379094a405f00341644b7f5ac415afd326ddf9ab2,m39
inventory_sell,ItemSell_TrangVatPham/m4.PNG,37,23,7b6aad7653d3100b185f5e57a55f96e1a49eb48b5afcd939c379384a8e047bf1,m4
inventory_sell,ItemSell_TrangVatPham/m40.PNG,35,23,5de4adac4c44287d15b9a35e0bec187b51df7a71c34603abbaedbddb3872c175,m40
inventory_sell,ItemSell_TrangVatPham/m41.PNG,40,24,fe254739f1736bcb9a27f9ac3d0d50c8f53e6a9797f0609b65b334c21b5e671a,m41
inventory_sell,ItemSell_TrangVatPham/m42.PNG,35,25,5b9d1b6f63031f388d165f2974e9887fbc4f48c6710f373af24b7b49b7ea716e,m42
inventory_sell,ItemSell_TrangVatPham/m43.PNG,40,21,11c1ff0c8540e657ee8c002176b180656a53531ab1d5eddd67b09a5a93b15e6b,m43
inventory_sell,ItemSell_TrangVatPham/m44.PNG,39,23,bd80ca26ad30a332a026a99211f993d0095c6f8c7225fed9a277399ed3cd33ec,m44
inventory_sell,ItemSell_TrangVatPham/m45.PNG,37,23,3d759a2e920ee30411ed984bb7d535d9fa6709cd97f6c667fd44af868370e7e9,m45
inventory_sell,ItemSell_TrangVatPham/m46.PNG,39,26,8c5c07ee4dff6ec7bcd1067354fef0c76ff155997e932cd63e9c0209ea56bb75,m46
inventory_sell,ItemSell_TrangVatPham/m47.PNG,39,26,44c14f779664bd7b0cb7c360862bb2cde84b62b66a4606bcf7b8461119d1d80f,m47
inventory_sell,ItemSell_TrangVatPham/m48.PNG,39,28,e5afb4556a5842069297dc72224f884c3e0765a02a3e08198dd84680630f33f5,m48
inventory_sell,ItemSell_TrangVatPham/m49.PNG,39,23,a32b3c869e7cf5ea5971967a2dd49e66ff3324dac6d42546f6a50db13cf30387,m49
inventory_sell,ItemSell_TrangVatPham/m50.PNG,36,28,665149fb746ee9418ed3e654b80e82d7df3b0f1c2d263304af4b82814c4254b6,m50
inventory_sell,ItemSell_TrangVatPham/m51.PNG,39,20,681df308ade35f947a01c399143f416d40eca285b8382f6e0f75fb5371bdff9c,m51
inventory_sell,ItemSell_TrangVatPham/m52.PNG,37,26,3d2fc3a08d37486b540c79a358925e8c44575a7d98e3e72604bbc7242bb82a11,m52
inventory_sell,ItemSell_TrangVatPham/m53.PNG,38,26,f55e5ba440a42ca6b373dac61be4ccf8eb77805e19c50dc4661214af28a5a2c8,m53
inventory_sell,ItemSell_TrangVatPham/m54.PNG,35,26,ca44de951423e5d33074d9930451b4515e46d440b4822cf07db06a1394c36a3c,m54
inventory_sell,ItemSell_TrangVatPham/m55.PNG,41,26,96eaf52cb8b2bda2ba2d04efa8918d59d0b4337a6cebefe550b849444e0705b1,m55
inventory_sell,ItemSell_TrangVatPham/m56.PNG,38,25,50a96b164d27219df8e88f667220b80d2d4e4565ee55b103416b8882163937e9,m56
inventory_sell,ItemSell_TrangVatPham/m57.PNG,39,26,a1b8b7abfc17f318c387086f81c694808e75353a9dff04f72d9c5034c251b8f4,m57
inventory_sell,ItemSell_TrangVatPham/m58.PNG,38,25,7b806d162878748fb442d6ae00d43b44070fa458d2a968cf879e1112113af98d,m58
inventory_sell,ItemSell_TrangVatPham/m59.PNG,41,27,7bd017782b1a5c87d8e0b73ef395f3d013d42f8769a5fd519d6b094325b88aba,m59
inventory_sell,ItemSell_TrangVatPham/m6.PNG,42,25,ce384029c23d25c077b3f1a55d8b3725dffda694620e29160fd02dafc1e2351d,m6
inventory_sell,ItemSell_TrangVatPham/m60.PNG,37,24,d4651320b01c1fb36eb8875c235117d0e10aababf4491a126d30f4fd2539782d,m60
inventory_sell,ItemSell_TrangVatPham/m61.PNG,37,26,ae84665e23deac1fc38900c9626decc0e44c0931275d08e64461ff9d6edfdb4d,m61
inventory_sell,ItemSell_TrangVatPham/m62.PNG,36,25,4f1d5adab3e5ea1439055ee05062ee38634e0554e587cfd8fae6ddf6295da4cf,m62
inventory_sell,ItemSell_TrangVatPham/m63.PNG,37,28,2a0c7f0e2d1f121659827f839c17e4ec688da7d6e19a45114ca5257ad8ea286b,m63
inventory_sell,ItemSell_TrangVatPham/m64.PNG,38,25,c369b7647ea3d33d651955046c517b51190798ffadee7cbe820f15e0600f2773,m64
inventory_sell,ItemSell_TrangVatPham/m66.PNG,37,20,50963f15038b817006a0f73592bd292b2b3927853e0f1129feea39968ad5a240,m66
inventory_sell,ItemSell_TrangVatPham/m7.PNG,34,26,4f6767d18dbe2e79f0cc1c949c8e58b436b3c042e24ea16806c198f6a181b1b4,m7
inventory_sell,ItemSell_TrangVatPham/m8.PNG,40,24,326c10770b0bc4ea8ec69b54f1ea2b004d4d9d10c9741e883290e0c9b1a19f46,m8
inventory_sell,ItemSell_TrangVatPham/m9.PNG,37,25,6a44463a687165c8cf00322f61c17557f0406714f164f0e337207b9f2caf9e30,m9
inventory_sell,ItemSell_TrangVatPham/q1.PNG,38,18,432aef2e892cabe9b67474347164a1e9d5309d88c4863abb1c67b012c83115c4,q1
inventory_sell,ItemSell_TrangVatPham/q1q1q2.PNG,138,68,473728e90d695823ff8d91ad5efb6689f6dbdd77b399b0e431d7f7367bf539e9,q1q1q2
inventory_sell,ItemSell_TrangVatPham/q2.PNG,36,16,a57cae95b07d2a66eca0d6f9b27acb0a19b5ae34e2eed08a0e2197e515f5cc34,q2
inventory_sell,ItemSell_TrangVatPham/q22q2.PNG,145,65,5daa0d4d384410bea26f9b0744ad22a80829b1de9a3288640d371c726b36b3a8,q22q2
inventory_sell,ItemSell_TrangVatPham/q2qe1e1.PNG,139,55,e26c800ac40a03210d9bab5c1e9e26a19fae0ccba79e3e564c0d81d5a7dcd720,q2qe1e1
inventory_sell,ItemSell_TrangVatPham/q3.PNG,35,19,13a393cf10527205e9c4e88e62d61f21c782cc046851e1f37a7fcc1134f036fb,q3
inventory_sell,ItemSell_TrangVatPham/q4.PNG,34,20,3c09da391892172be851ac0b933818641061464be3691f90012d186c74e301a2,q4
inventory_sell,ItemSell_TrangVatPham/q5.PNG,38,21,72c8f3de5355c5f48f057aafddb34a41debdb13642d2721a8190ea194ef6fdbd,q5
inventory_sell,ItemSell_TrangVatPham/q6.PNG,39,23,11d807f85bab30650c30f4c41ca6aa235a88296a42f3b818144e15386151adf9,q6
inventory_sell,ItemSell_TrangVatPham/q7.PNG,34,19,41cc0e5bb0d58016a85fe1fbe308cc9722f6af5b87fc12a7764fa94b676ba940,q7
inventory_sell,ItemSell_TrangVatPham/q8.PNG,35,19,780d1d496ffa0d3d6a9a4d0b7d542b011755bd6c6b26e27f6e6667fcaf5a65f7,q8
inventory_sell,ItemSell_TrangVatPham/qdqdq12.PNG,138,70,fb1e0b6e1bd3cb6d0ce3e79092f5c012a00cb4ba7239ddc7354ea968dad508d8,qdqdq12
inventory_sell,ItemSell_TrangVatPham/qq1.PNG,141,74,625ac12efb060db185f110bc817a63dc586f9d520749120c96dc9210dfd60c58,qq1
inventory_sell,ItemSell_TrangVatPham/qq2.PNG,143,68,5695ef3e5044aade4d357f25ec54eff0918a532a3a2f6e45146365007dc64f67,qq2
inventory_sell,ItemSell_TrangVatPham/qq3.PNG,148,75,aabff83ba2996e0bb627f93efda4ead40348ef5333b42eed275b385e95b9aa40,qq3
inventory_sell,ItemSell_TrangVatPham/qqq3.PNG,141,70,b8560369d8c8d62d3767a3bb1a2f04fc46cf61146f97c42ffa01b9cacd1df06d,qqq3
inventory_sell,ItemSell_TrangVatPham/qqqq4.PNG,140,65,c7abc7b1512978f94ea1a7fc79090ef0e8665f5a008e02962195cfbf11cbb961,qqqq4
inventory_sell,ItemSell_TrangVatPham/qwdq1.PNG,141,68,173f8f25ae153cb4ac44d36892632be7a7f0617b7e5e86b11952db8af7dd13b5,qwdq1
inventory_sell,ItemSell_TrangVatPham/rac1.PNG,37,22,59c4a9ed90d216bc05e2a0a8dc738564bb8f509c46730f2c0c5d04f3dc10aad6,rac1
inventory_sell,ItemSell_TrangVatPham/rac2.PNG,37,37,ad4db15b36d83af723058dbe58be5d0e9ffad2db74afcedd7976ecf0df781a67,rac2
inventory_sell,ItemSell_TrangVatPham/rac3.PNG,37,21,bdf2ddd2a5a8e262e997b7b7bb56abee784d254d015827bb90fd3c6d80bfb03a,rac3
inventory_sell,ItemSell_TrangVatPham/v1.PNG,35,19,bcf83c0eb788bb964f2d0dfb5d331ab302b4b43baf7cd73b286d9d74d838cc90,v1
inventory_sell,ItemSell_TrangVatPham/vang1.PNG,18,28,a82ddc21e5b184ef699895b4ad24b72820640f97416ecd4c25d2fe0d358c97be,vang1
inventory_sell,ItemSell_TrangVatPham/vang2.PNG,16,32,d64c631595a60a1ee9fc504e7fb7f71a8f0466a923bdbbf611b4049d35517e31,vang2
inventory_sell,ItemSell_TrangVatPham/vang3.PNG,21,19,462beafd167724adb83c8f073dc12b915659efe46a5aa0701695ce3b0f33c32f,vang3
inventory_sell,ItemSell_TrangVatPham/vvvvwvewve.PNG,38,20,719379fc49d00205e66463ad3be6c6dce1f0f4bfd7139c41a02ba278e3c304c6,vvvvwvewve
inventory_sell,ItemSell_TrangVatPham/vvwdvw v.PNG,37,23,7f0590f32ec92425fefc37c532f227558572bd10caa8c80a1da75a991364777b,vvwdvw v
inventory_sell,ItemSell_TrangVatPham/ww1.PNG,38,21,b65dfb33ef0fdf33d1f2bb68cb99c2a78779cb7cc01d99236a7bb6f2a8e90f3f,ww1
inventory_sell,ItemSell_TrangVatPham/wwq12.PNG,37,19,09d096f690cf73eace3c10a191a56c6f73ee0de329864dd12858a2263ce2b9bd,wwq12
inventory_sell,ItemSell_TrangVatPham/www1.PNG,146,74,9a1da962edc47ee0e2a66aded289c6abdfd1ef276ac0f99d2dc0360bb72d2a15,www1
inventory_sell,ItemSell_TrangVatPham/z1.PNG,35,18,dcee49c132b5d133122aa126544d2edcd87741b070694082efd846dc6fb5f9fc,z1
inventory_sell,ItemSell_TrangVatPham/z2.PNG,37,17,22c186ea656948f8824d28c9e202f4ab7bc59b331eeced632cc5b414931cf792,z2
inventory_sell,ItemSell_TrangVatPham/z3.PNG,34,19,759113c7225fd213b8d2b194c19884674bb95d84d91ff1c7cec16cb3649c4a1c,z3
inventory_sell,ItemSell_TrangVatPham/z4.PNG,38,17,e3e0f7f46c0595af7f619d7f4cd5cd3e5f779dc124eb0f622b08887cfa5386c4,z4
inventory_sell,ItemSell_TrangVatPham/z5.PNG,38,18,a03b1903181b5eeb4300ccb3ded6bb6f6acb94f1e48b977dd92b1c18001df44b,z5
inventory_sell,ItemSell_TrangVatPham/z6.PNG,36,14,b5a7401215cdf29b79dee3fc9ec1ba3e9360f2d8a1bfe084149c727da595009d,z6
inventory_sell,ItemSell_TrangVatPham/z7.PNG,38,12,f8e744c458ea29b2114ccc8d9cdeeff295b612e93c35b173bc3ee874fabfe9ae,z7
inventory_sell,ItemSell_TrangVatPham/z8.PNG,36,15,ac1a21704b9561ebefcd91fd3531bb88ceafd2c22e5144fcfe8097bf36d332ea,z8
inventory_sell,ItemSell_TrangVatPham/zxczx1.PNG,32,21,bb43f580bd19994dcd337254a658b0b1df19479d01c2287c2c6a40fb70fb1de6,zxczx1
storage,Item_vaokho/01.PNG,36,39,b508c8dcf85677d3dc28a95e2dc3aa167314a0a5f0fc37c23c807a937e43ed29,01
storage,Item_vaokho/1.PNG,25,25,34ee56488220a80a31976fab88b979fef7a05f70de4f612d93e417188f4e0686,1
storage,Item_vaokho/10.PNG.PNG,34,35,4a664a89185112f42ec45b70f74c9a96e295a7a8d644efbe7f6e51596ee1414d,10.PNG
storage,Item_vaokho/11.PNG.PNG,33,39,fcec35331e7f98546a5e125349ac8bf8b73eddb191919e18423c03320345c0da,11.PNG
storage,Item_vaokho/12.PNG.PNG,39,36,3d8edd1c573c6eeb1e0cba1d7d58ccf55e4b2991ee955443e21e952c7a2f11c8,12.PNG
storage,Item_vaokho/13.PNG.PNG,34,37,c224b279b8ef38339a5db8e47f69e85e775814a46b893330bad31a2eb88538f0,13.PNG
storage,Item_vaokho/14.PNG.PNG,38,39,2c25c88e22951b8c7f18e298c05cbaafdddbe9b265d9e0267e3a5e8b23829fbb,14.PNG
storage,Item_vaokho/15.PNG.PNG,36,37,1ecb5be142a46d8e5627a4943a5c31ffdb8e6a8d53134e6bc0832d6b7effd7c3,15.PNG
storage,Item_vaokho/16.PNG.PNG,36,37,386dcd2a1d3287561b15f666f084b000ebab9ff0aeca21f749a748bf435ae563,16.PNG
storage,Item_vaokho/17.PNG.PNG,36,38,9681a19f0a51ba1073d076c203c9a02c5ccdc808cfd40f72849cb93ffe49b5d7,17.PNG
storage,Item_vaokho/18.PNG.PNG,38,38,d36cb949c695bf2590a6ca8ef889138b5aedb9e35939edad359e422cad353fbf,18.PNG
storage,Item_vaokho/2.PNG.PNG,36,37,e534d2cb17e24993333940239b88e698a4c710a720c18dd82cb92538e1401499,2.PNG
storage,Item_vaokho/3.PNG.PNG,33,35,4d7376ddc939332a012dd7f1a209445e232b38ec5c483208c5ce9de6b36fcdf0,3.PNG
storage,Item_vaokho/4.PNG.PNG,37,42,d8abb2b4795a0ce0690ab7815ab757ec0b058153526fa05c6574bfb166871a26,4.PNG
storage,Item_vaokho/5.PNG.PNG,38,37,0612b7470f373a2eae48bbb39be848047f87887bd4e3f33ca63ea53cae6b85c8,5.PNG
storage,Item_vaokho/6.PNG.PNG,36,34,396cd4b75a77667511ef4c1921376aea723e19607dc3a33a116bdb68664a4bc1,6.PNG
storage,Item_vaokho/7.PNG.PNG,40,39,ac244357e20afb55b8a1c2edcfe20404ca9a35c346d3a3b3d3eadfb038d5fc42,7.PNG
storage,Item_vaokho/8.PNG.PNG,38,42,3c05548aaced201fc10520510a5cc640b909f0a84419a34f16ec65f36f963fee,8.PNG
storage,Item_vaokho/9.PNG.PNG,33,38,032a9e9c54889ead6e220099503e9f87b870e97d5ff15197c53b160e51dffbd8,9.PNG
storage,KEY_KHO/1.PNG,57,12,532824092b4d9f105a16f947ed3c1f4fa74659ee5a23ff6e96d83483cc7acfca,1
storage,OUT_KHO/1.PNG,27,23,b57fc1ea38ec6e0124f7c181bb302d64cdd4c92011aa94bd7fea9adedad8483a,1
storage,OUT_KHO/layra.PNG,41,16,4e17501c548de3bde00124dc1846aaae41d2222d0ed0986a9797c8c099746ce1,layra
party_follow,PT/1.PNG,53,16,429f9d202bfd4b9db6f188cb047df5d168f25e2b9b4c27fc08a64a7037faea4c,1
party_follow,PT/10.PNG,40,15,cfe8b1edd58ccff87fc6ecaba6b0b98c08d9641c174779385a90d1f1467bb014,10
party_follow,PT/11.PNG,38,14,b15b7bcd31ff0994dd5e0fd612241d2fd7ffde00fb01e6069aeb40b1d3760522,11
party_follow,PT/12.PNG,32,13,0a835015fe957102ef4c9cea43a0ff072133703efa59e2af38c2764bce74aef2,12
party_follow,PT/13.PNG,51,13,0b28deaa271fe51d3fa49af1c335a94a7212b9359393289279c0b95fb05101e4,13
party_follow,PT/14.PNG,55,13,58b1c01c2e5ab449005c1ffae708ea2741476958f2db36901daf9a1763b767fe,14
party_follow,PT/15.PNG,36,15,ded0cae6db58fd92a586bfa5deb5d25c64d1ca45929350a18a26a57ed3eb837b,15
party_follow,PT/16.PNG,67,15,d848d93ff3e996cce26ee5e402f9a4d6572d36edbc45036536616df196c3b2fa,16
party_follow,PT/17.PNG,45,12,c752334445cd81b9c8fad511f36425550eb0eec76c0999413899b1dacda680e2,17
party_follow,PT/18.PNG,68,13,cc35838741d31184f9312213cb8a20358ae44dee31f9c313c761c9b53aa28f70,18
party_follow,PT/19.PNG,65,12,f1889966283a5db90f9011b558e98993ab12176e97345ba92ca5e3c76eabb7eb,19
party_follow,PT/2.PNG,54,13,da877a70c7bc9209e0be391f67d49acb3543d77bc7daf0e1583d7189179e46e0,2
party_follow,PT/20.PNG,48,10,3930de9b397e724f643f6e186cf9e8cc1c2eeec0780cfac66ad42ddc51e4228a,20
party_follow,PT/21.PNG,58,13,e2d6657386ad680eb6ec9acfb29a8933b36feb0484eae14d27229453ac4d396e,21
party_follow,PT/22.PNG,69,12,b50858264e8d3b3f99e8234cf873abcad0f612f059980c6bd4eade3affabb49e,22
party_follow,PT/23.PNG,59,13,25fd6dcd764be62f0fd9f01431c68874acb5e3a32a83b159fa170515d8ba30cf,23
party_follow,PT/24.PNG,56,13,db20b12c3343eefaf0ed62f16818e08c557010cd1d06349f692f8646aa6bd145,24
party_follow,PT/25.PNG,62,14,5b1b34159970518b136fb1dffce5baa0c32379b0716c8045d1b1c09368151f39,25
party_follow,PT/26.PNG,71,11,7dc26ce2e749e88005210eef72e39ab96185e42a6cf0c4d58fc15d0c3a1ad83f,26
party_follow,PT/27.PNG,54,13,c44fa3e98e95f2b9a86e9ae598003c96e966c4de8daa185df0aa47b89e1516fa,27
party_follow,PT/28.PNG,51,13,5f8a6bcd08caacb42016a8449d4d9618cce3028305916ba28c580322bc477d80,28
party_follow,PT/29.PNG,57,13,c72c075f81805702ce43ff3702c3b5eb46b0a1ba30da10fe1110788664f27a25,29
party_follow,PT/3.PNG,43,13,8a6cfa3db034c3873424a1b5a46397752bb8ed1fd976d9a24a7fef87bd5919d1,3
party_follow,PT/30.PNG,58,12,df011662621e62ef11a893b2c8ecc264d1c87ea0cfc42ebeca68401a84945043,30
party_follow,PT/31.PNG,69,13,dbe43416beb2618c5c5eaaa8836d56f2ad11038ec7472c54db653d8af4a0f1e7,31
party_follow,PT/32.PNG,40,13,3ad2645751d8f9849e9531f82a6a92704e46245d51f210cf692b7b8e197605e9,32
party_follow,PT/33.PNG,41,14,661c35fa7e3a6562dc6a40c5902bd6e64f444cfadde4e44084d87a9466a9f537,33
party_follow,PT/34.PNG,43,13,dccd2e88c07dd9f2fcce6144067923f69111a3ef91090aa79161a8992342164f,34
party_follow,PT/35.PNG,47,12,3d92b739e0fc9cc73bf97fe8c1e270b385c24f20eaf13e197852c3d178d43f94,35
party_follow,PT/4.PNG,38,12,7323205e818fd96e28f5a45aa9ef8611f85be90d6ae73ba4f7c40a62a07220ef,4
party_follow,PT/5.PNG,56,13,48967ff947efeb2fed67b98f15f615706f234787b6d11ab72eb30de24f5b016f,5
party_follow,PT/6.PNG,48,14,563cd1957753570dc702326ef1e831a7d4266567eff898b64aa9f2a94130b48f,6
party_follow,PT/7.PNG,45,13,e1c7e3c8e935e6575cf5d439bd4a3d858108fdc76a8872b51f6dc268d3df6fef,7
party_follow,PT/8.PNG,39,11,b55fa1561183972e1f5ad2b452a6c1f0475381c29f1cc3065dc2fcb9df5991c8,8
party_follow,PT/9.PNG,43,12,f901bae0275e92c9bbf9baadde1ae5c402a20d1bed955770e80a51af0f5fcbf4,9
captcha,hoatdong/bangcaptcha.PNG,70,14,97b075d05227cd33e47e89bafde5a30a895445a47d3e9f42f5e30949a1fd624f,bangcaptcha
trade_transfer,hoatdong/bangchuyenvang.PNG,55,14,7842236bb661b51288873180d2536d0517ff3fb50020471857447f5f0f64b009,bangchuyenvang
train_combat,hoatdong/bangdanhsachquai.PNG,88,13,4284dd7db94b24abb81c972316206a054fcebfe8be2bd2692f275b83ac4c7e2a,bangdanhsachquai
captcha,hoatdong/clickcode.PNG,76,17,1b971e5cadc676c123002a1a8cfbf72aca191f29f6dd0fd16df2e6a2886905b5,clickcode
train_combat,hoatdong/dangbatdanh.PNG,76,13,3a79efba08f5c2a02f33eedfb17a1eabfb65513a601259ff424f296b39d99e66,dangbatdanh
train_combat,hoatdong/danhluaquai.PNG,43,10,2b79c0c3db76457c945cb91f3b23a3e43b9880ea0c2a827cc2302e1e5a0f70a6,danhluaquai
travel_navigation,hoatdong/dichuyen.PNG,58,9,7b0122af4b4eca7a6f54fd01e45934cd20c34f0a0711e6a66883fc401f131a88,dichuyen
travel_navigation,hoatdong/dichuyen1.PNG,85,10,a650c9d8f8ff7770b7c83e27f4c4b91c35505f611f6ad991df730de5b4d97002,dichuyen1
travel_navigation,hoatdong/dichuyen2.PNG,64,14,7fafd02f6ebced69b10115c6859ef8d27771ecd9fa7b382d490092c9b70158c1,dichuyen2
activity_tbd,hoatdong/dinhviphu.PNG,22,22,8083ec051438aab6687be9d8b809055fb7dba72684424eb4aef3593492f65093,dinhviphu
consumable_shop,hoatdong/dochoi.PNG,32,18,50bb9164b744d792b0633f28df6982d219d0a0474db5a7cf64441f1e5f08f007,dochoi
activity_actac,hoatdong/endactac.PNG,41,10,c79b5a8f5e7edd8f2bd00921fc492d83ba7cd229248e4e77b5dc7ca5e7a5bb7a,endactac
activity_actac,hoatdong/endactac1.png,47,8,e6d7553d9aa595028763641f646fd5b49a81288dc9447a212bc22ab3c424cd60,endactac1
activity_thuylao,hoatdong/endthuylao.PNG,91,16,f68c6ee4a8a12c873a602b0b77d43169c5b7c5000a8b5d9d8dcef0b3f7514eb6,endthuylao
activity_thuylao,hoatdong/endthuylao1.PNG,72,15,0b313f8a1c01cfd7323b5448c52f32e7ed83484bb71e729abdf3a5020ab8298d,endthuylao1
party_follow,hoatdong/giaitan.PNG,41,14,7ffe1a0d17c605536c37215033c0a34b24c182d6cc1c4fec9cf3caa72b0d0f9d,giaitan
party_follow,hoatdong/gianhap.PNG,82,15,1068f15c72be627d73a6284368994dd203b6c6eb006d63d66ed125c593505368,gianhap
trade_transfer,hoatdong/giaodich.PNG,43,15,80424bd236af9266ccf4567829b72a930aeefa2a2d697c434fd17978cedc33d6,giaodich
train_combat,hoatdong/hetquai.PNG,154,10,abb0f0bea85f0ba69e0dddd79ccc31f2d7a0e67a25e39dad9436160fa03f5133,hetquai
train_combat,hoatdong/hetquai1.PNG,86,12,afbf233ca16d2dba3be6c06125c5d188ac8ad62ac1db9031b3f4f99679bd37c2,hetquai1
train_combat,hoatdong/hetquaiat.png,52,9,c6d395fe9aa43f7fda8b2e88a3ddf6d05bf63ae71c6823cebe697365f4e506c2,hetquaiat
train_combat,hoatdong/hetquaiat1.png,60,10,485630ee5f1cafcbef91a6d17db6b702dabd035e8cb8234f745aa989560945c3,hetquaiat1
quest_level,hoatdong/huynv.PNG,74,11,f1556c1e2826fa920b789442e3ada89b4cf632a6e1c794393b6002ca613bc6af,huynv
heal_buff,hoatdong/itemkimsangduoc.PNG,33,18,46e817287f3e289456a0a04e0acd9a079e7b81e3f8a8d3338476059ff29e1b02,itemkimsangduoc
activity_actac,hoatdong/khieuchienactac.PNG,62,15,6e0f18a977b9b4c28fa806a84f9719420edade89edf9a95d159c8ae668b35211,khieuchienactac
heal_buff,hoatdong/kimsangduoc.PNG,64,12,0abce97656125d0fe8cc65569be9062bc5b2f7acfeb9306d48862475d089334d,kimsangduoc
heal_buff,hoatdong/kimsangduoc1.PNG,70,13,171a1e9317e9c03a48471f2a007f781aef8250b761da6a2a9d4af44fb7b98a96,kimsangduoc1
train_combat,hoatdong/kocoquai.PNG,51,12,e6b6af00b9ef91028830327c01350a03ee55569793b70ed87e469f4d769c507a,kocoquai
train_combat,hoatdong/kocoquai1.PNG,60,10,130cc12ede54765f10d4f66adf845a4331b634da6fb3bb21d1c7e708518fe3cb,kocoquai1
pet_mount,hoatdong/kocothucuoi.PNG,83,15,7a32ef83a632cb58179b229b621f8bcdd4ee0e16ff2a8aad4106a4a675bf7210,kocothucuoi
activity_tbd,hoatdong/lenhbai.PNG,58,13,2c21609abe69f1ee5a04cc58a5132181ac7e45a3829cf9231b8e48827d78c1c7,lenhbai
activity_thuylao,hoatdong/loirathuylao.PNG,32,12,79556f6533279e6b9c02bdc68c51dec5f82a1d94d1e2927891c934daa9c9979f,loirathuylao
heal_buff,hoatdong/mana.PNG,32,19,50605f793e54a071fd8d20616b4644bddb9c5d2c6c2ae9802a4d41ad2654e943,mana
activity_thuylao,hoatdong/mapthuylao.PNG,30,12,251c2b565796fcb9aee1a16fdc1e85ccea570e06954311d5e2571da8e9fbb18b,mapthuylao
heal_buff,hoatdong/mau.PNG,28,17,0f44adf4df1936db7ccd1c62b183fef380cf88e56c18131e3e170a060123f822,mau
consumable_shop,hoatdong/muaitem.PNG,30,15,d0c85f701e88118f8acb8a0728fb1c50bada35131e03fac6506bee06b749a37e,muaitem
pet_mount,hoatdong/muathucan.PNG,71,14,3194d850376103d641a07e6794f0a55c024eaa4dd66c1bae21c3c51442eefafe,muathucan
quest_level,hoatdong/nhannv.PNG,69,14,36c9443174d6fc1cac3e38bd58c37af2fbbb1d31c31a1d4e96f84f742d8b9a3c,nhannv
party_follow,hoatdong/nvgianhap.PNG,89,10,330cc1687611ae75c1b88b41d98e18b052081042df49827c2624476be4cdbb0d,nvgianhap
pet_mount,hoatdong/nvxuatpet.PNG,75,10,86edebfe0bc6703e9e4cf5e956d1a9b1922a52061899cf0ca9a99c75198c15c8,nvxuatpet
pet_mount,hoatdong/nvxuatpet1.PNG,79,8,bbeb59171dad4230059ed38ec8fd0fdcd1083b37279d60804e4794fd907f141f,nvxuatpet1
activity_actac,hoatdong/pbactac.PNG,61,11,06918af7547392343ea55f7f7898ad251c7203334bb2c3e74f0d1378111ae294,pbactac
pet_mount,hoatdong/pet1.PNG,41,9,72843f35243a98b7637815ab4dbdfcbd92433bfc7f3fb855d5102c8b5e77f2a3,pet1
activity_thuylao,hoatdong/sttthuylao1.PNG,37,13,dbfff6b5225731bc35bf2e0c65b10b280a2fee9fc2bb9908393b1575ab5ab13c,sttthuylao1
activity_thuylao,hoatdong/sttthuylao10.PNG,21,31,e2f8212a20d85da607ca261bc35b3a2a20aba168ca9d6ceb90c5933dfa6eee61,sttthuylao10
activity_thuylao,hoatdong/sttthuylao11.PNG,20,30,cd7fec87d4708b3896cb093acaa41c5ac139141b063eb1ac83504de6341a318d,sttthuylao11
activity_thuylao,hoatdong/sttthuylao12.PNG,21,23,2168a6925c394d6e9efdcb4fe75a445f5f3822f14455d50df5f7ff4ee2cb0c36,sttthuylao12
activity_thuylao,hoatdong/sttthuylao2.PNG,39,14,d9c1199106e4db5f5c7ae812629d85520216aa0ef1ab25638f1a9bc3453620b6,sttthuylao2
activity_thuylao,hoatdong/sttthuylao3.PNG,15,35,3804cb40fad6a0d3bf7a50aa44eca44bd3d81cba3d1f3a5c2d372c6b4897d4a5,sttthuylao3
activity_thuylao,hoatdong/sttthuylao4.PNG,17,24,f2f26a5e2df990cd8be61743157bd63164e310fd35f185c1cd8ccc69f5aa6c78,sttthuylao4
activity_thuylao,hoatdong/sttthuylao5.PNG,23,19,9cc533cbf3425806d0ad470951872f6b6caa99f034c349faeabefe47a1760353,sttthuylao5
activity_thuylao,hoatdong/sttthuylao6.PNG,29,15,c3ccb90908e7fff107d58ed7091aaa8255cfbfefdb0cefb7ccf064349de13d6c,sttthuylao6
activity_thuylao,hoatdong/sttthuylao7.PNG,38,17,0fc15cc42c9d2d3f47fe608b3cf2da02fea335777d42cf28e6c6eb212f8caa79,sttthuylao7
activity_thuylao,hoatdong/sttthuylao8.PNG,47,14,39cf687c26ae1e2a4a3e25741aa5cf3edcf39f53fa2b4f4953e81a686468e274,sttthuylao8
activity_thuylao,hoatdong/sttthuylao9.PNG,23,24,412840da521f870ee5129f727a66fccb8cb7ffc15dfefc4c0f3a9e37a202344a,sttthuylao9
pet_mount,hoatdong/thucan1.PNG,27,14,57182f61355bb069d00e76a771391762f96f1295107581ae1a4a24050920dce5,thucan1
pet_mount,hoatdong/thucan2.PNG,30,18,f68c8eb8b4b38410d451b5d46cc1b5b1060ea81ab61bfea94c5c10d057cbdace,thucan2
pet_mount,hoatdong/thucan3.PNG,32,19,31739f9c3473306963d227afa87f82e095240ce4625be2545b997d0d19c629e2,thucan3
pet_mount,hoatdong/thucan4.PNG,28,15,c67938d871b1d4dc1127d493aca5fedf66d1045f2ad1874117042f8f69e63bd7,thucan4
pet_mount,hoatdong/thucuoi.PNG,18,21,394c12434cfbf0fd1483ad0de4d7c709bc0f71e53bab32986127e0512a27f223,thucuoi
activity_thuylao,hoatdong/thuylao.PNG,51,14,377f006f95ca3ab764e71b23826c14311e08252ea8bbe9023e3b894e29a40c33,thuylao
travel_navigation,hoatdong/toinpcbodau.PNG,43,15,47c656494cacd6b376f576f41c453337e8e444a73f0b6b6c94cca214f67dcc84,toinpcbodau
quest_level,hoatdong/tranv.PNG,60,16,19fd998e190f5821b34eb3251f52d5eb485ab5d7a6342aef952d0d5f6bec8812,tranv
heal_buff,hoatdong/trilieu.PNG,38,15,46bec92ba7e8fc21ee235c2c8851ec48e03dd10bc7e0c940811febf367f8c7da,trilieu
travel_navigation,hoatdong/truyen.PNG,36,18,b784c0325a5bf5a9f68055872b0ce92a442143eb4ebb0e34a2e0b1879dce3347,truyen
travel_navigation,hoatdong/truyenthachlam.PNG,56,16,596e28adc93e3394b54d1cb56c7dc2ed5102691b154663786c655d985737b721,truyenthachlam
travel_navigation,hoatdong/truyentong.PNG,53,15,f1b042a84f840668c2da3e0eeb187a8a78421ebfba0342cefe6f57df961de036,truyentong
activity_thuylao,hoatdong/vaothuylao.PNG,64,14,027138aaa2c3ebd77edd155fd2a3b6feb43de77ca3f3c573d8b2b0f1411a6f9c,vaothuylao
activity_actac,hoatdong/vitriactac7.png,22,25,78a6da769d4bfdbf94bac1bf45f8f48a4a14de43e12b2f41ede7a8590ce19dac,vitriactac7
trade_transfer,hoatdong/vitrigd.PNG,78,19,cff7dd963824dc35bb8d1c6f466ebe4c698860bf246079f10848a9951de08ab4,vitrigd
activity_thuylao,hoatdong/vitrithuylao1.PNG,27,23,8817f7ede16638e54e96020b5ca530ad8207666b54a5e9ca6c05eb4e07bc8247,vitrithuylao1
activity_thuylao,hoatdong/vitrithuylao2.PNG,31,26,e2f56ccf056081e3fdc1ee09340207871ef5c8576dc96303f49edc0d11f39e89,vitrithuylao2
travel_navigation,hoatdong/vitritruyenmieucuong.PNG,27,20,96652e1abf850728040b0482f3d5db8945d40999a556d1f0d062d34ac748cdf5,vitritruyenmieucuong
travel_navigation,hoatdong/vitritruyennamhai.PNG,33,19,3c20d30eb4cbd7fc410efca5acbc3cab58989dd747ffdb6e99fba69b08392f48,vitritruyennamhai
travel_navigation,hoatdong/vitritruyenthachlam.PNG,29,17,cce3372131815f7a9a742148591b8213f9ea42047c9b67a8d4c276de8a584ddb,vitritruyenthachlam
travel_navigation,hoatdong/vitritruyenthaonguyen.PNG,22,22,db55c915a650ba0ed6f02d059e2ab062d734434914ba01afc27e3934dd2c9c66,vitritruyenthaonguyen
travel_navigation,hoatdong/vitritruyenvodi.PNG,19,20,68f76e47267a711f0df0cf890fb9f49ffebc062a0d30ad939232293ac80fc14b,vitritruyenvodi
party_follow,hoatdong/xacnhanbotheodoi.PNG,44,13,ccb3831fdf0c9d0404c8a2323e7c5673cdedfbf19983d95a0aaf3ce9422615a8,xacnhanbotheodoi
inventory_sell,itemrac/01.PNG,24,27,7d1baca53305ab742a174914471ef7e90eaf78c112884ac3721d8745af38a2e7,01
inventory_sell,itemrac/02.PNG,23,30,2b2e19d4d830d5345798537bf1aef66ccd6b07a6e5d6e9d07d7b88d888a838ee,02
inventory_sell,itemrac/03.PNG,26,27,54bbe434dc8df351b5aca96dd9f8d1d0bda9149e00d90e62cf7b54441b94ec45,03
inventory_sell,itemrac/ao1.PNG,27,19,20529e3885b90a4395e1792303865b758c71a446bee8029ac765d372a7fded65,ao1
inventory_sell,itemrac/ao2.PNG,23,18,1a17bf3d438730af3bcd1a8f5e3255683b004cbbe62840f5ef93734bc59db3d8,ao2
inventory_sell,itemrac/ao3.PNG,21,24,cd72886a45021c449d7d6b5c10d0532fc08e47a256cca7d6c18ca0f902c09379,ao3
inventory_sell,itemrac/ban.PNG,23,16,8902e620ccc3d82e0c5d50f43b1203f8d9bdf9bcf9859ebe19816330367fbe82,ban
inventory_sell,itemrac/baotay1.PNG,21,20,7b119299befe6b695e60e68b1ffd63d220097d9c03f6910fbb983e0077220ddf,baotay1
inventory_sell,itemrac/baotay10.PNG,23,20,b183b84ea6e815954c5d8b2dd2ead38d0d036a3a5bb74274cf6a60ff56772c00,baotay10
inventory_sell,itemrac/baotay11.PNG,25,20,3cfbc972263cc9d98e3288a3c320025705390e8841ae314bdddeef65224a8a77,baotay11
inventory_sell,itemrac/baotay12.PNG,20,22,d64b091856f547d9886e826b62e2c48742f07a587a07e7fefca3400f7348a3e5,baotay12
inventory_sell,itemrac/baotay13.PNG,20,21,f48591b963ac9585d14d7309696693ed074e771ad1fd507b3281a34c06e9a6bf,baotay13
inventory_sell,itemrac/baotay14.PNG,21,19,dd8f9829a332b8a8b153ced0263fb925108d864ebb6a08e576453b3d95c3ebf4,baotay14
inventory_sell,itemrac/baotay2.PNG,23,20,2addbefe20c76abab8622f8d3b52a9cb6df360c34e0e4fa4fc1684350373c25d,baotay2
inventory_sell,itemrac/baotay3.PNG,22,22,a622315920fdfb4048e2d50064921b83d53af8a7471fa7f6f24ba979e5905581,baotay3
inventory_sell,itemrac/baotay4.PNG,23,20,d921155e1abab8fcd9a91cb32f94a53ee808b6ccd62f64396dc37156101862c0,baotay4
inventory_sell,itemrac/baotay5.PNG,17,21,ae9c21c53ccff893dd18b7ee0d63b71b368a5aafa223f5c24b0b6361e81714fb,baotay5
inventory_sell,itemrac/baotay6.PNG,21,20,a9431fdb938078851eb904842a9dd552e6eabdac118e466801cffdf44318a2cf,baotay6
inventory_sell,itemrac/baotay7.PNG,22,22,30e33d090a65e742a292805b07e9d8be399c358f2ade7df89b38c4f7e95045d7,baotay7
inventory_sell,itemrac/baotay8.PNG,23,18,dd73d9f88276c55fcc3a5e80e2e20ab04383e3fb411b96cfdf263b262c199984,baotay8
inventory_sell,itemrac/baotay9.PNG,19,24,400e9ef5a279530d382008498ec102e22cd2892518e057366e00c612c9cf4f6d,baotay9
inventory_sell,itemrac/chuyen1.PNG,26,25,ddba76b4156303d49510b343b7fb0eb2951f877d5349a5e5c4584a3a49c386c6,chuyen1
inventory_sell,itemrac/chuyen2.PNG,23,19,9170c7de031e6ed90b5363529a2cc6ad157fa2af5c6691fe814d458b6993a257,chuyen2
inventory_sell,itemrac/chuyen3.PNG,22,21,f0f2d4d78d3c448522c00119b0cf833a5e397ff78c2b71cf7b8f42e7bca3abdc,chuyen3
inventory_sell,itemrac/chuyen4.PNG,25,20,8040466e3d452e9ee6dccaf022ab7ab26a5fb5739d78e7616cf6d1217ec4226f,chuyen4
inventory_sell,itemrac/chuyen5.PNG,20,21,2fe177e296c18392a8873537c18ffc05601fb0cd33ea97fbfe0762920fc2ef67,chuyen5
inventory_sell,itemrac/chuyen6.PNG,21,21,740c1f9b182a69a0ffe7f7d9780e9075ef9eafbd1c2d145baf4ac1a4dd823568,chuyen6
inventory_sell,itemrac/chuyen7.PNG,21,24,4b002a2aa66336e8827f5302899f3b9e7b559b79d8d441f541582c8e88190dc2,chuyen7
inventory_sell,itemrac/dai1.PNG,25,18,f81a4f63af1a3cc12f2189d8f63818628e072b3eb68ab6489b53172ae4605941,dai1
inventory_sell,itemrac/dai2.PNG,25,21,04b54ec48893ec79d887c6496ecea0e52f19b945049289e0cb5c97fcc3fd1bae,dai2
inventory_sell,itemrac/dai3.PNG,26,27,8e74fe8784abbd12e84d958d70b72e2f27d53c3a2246b147f5635912f265c47a,dai3
inventory_sell,itemrac/giay1.PNG,24,22,bcc2dfa49ed8942670acb27b7cdd000604c45074f615b79a5f313b477edb4096,giay1
inventory_sell,itemrac/giay10.PNG,25,23,1d3737a56ab0be2a604b1648c0f41f3a7d3802b3a2c0cc4c50cef2e012f4c87d,giay10
inventory_sell,itemrac/giay11.PNG,19,21,5895da7aaaf20a2792a3379804a2d8c1b7100e24c40a542beb6038c5993ee393,giay11
inventory_sell,itemrac/giay12.PNG,21,24,563608330fa09df121af251d38195a411deea5c4920408bfb6fe22ed23b6eac2,giay12
inventory_sell,itemrac/giay13.PNG,21,21,62744400d0fc9daaaf5220c6a1f9f9066922c7afee593f1996c124c13dd107c5,giay13
inventory_sell,itemrac/giay2.PNG,25,21,0e4bf1f52581e6f1fad19edcb83878373f587824ee611443b0dd2789ee7ff0d7,giay2
inventory_sell,itemrac/giay3.PNG,24,19,313f8a692a678f8d88866744ef13617c87357ce74f37af5c0d0306744af5792b,giay3
inventory_sell,itemrac/giay4.PNG,21,22,3b0ed00c454d6f1813f9d786c5c029a96650457e28073d7707e68bd3bf414b80,giay4
inventory_sell,itemrac/giay5.PNG,23,23,d95d1bc97fb62dbda9a95c2ed529f72403db1791f18be99f372c838f9d125ea0,giay5
inventory_sell,itemrac/giay6.PNG,24,20,130a57fa0df6c361bd938a39d68da17a016c38d97e1dfa5d362301e911754f02,giay6
inventory_sell,itemrac/giay7.PNG,23,23,5bb7618aaffad98456dbd243d7c463efc6da3957c97d192906c5aeb51238a2fa,giay7
inventory_sell,itemrac/giay8.PNG,22,21,20a058178fed6d9c200371d784125c5ffce90086a8ed8d4d983113637848f1d6,giay8
inventory_sell,itemrac/giay9.PNG,24,22,fe01306badd3b279a662442b28134b9df13b3132950556f432df62aa878d61a4,giay9
inventory_sell,itemrac/kien1.PNG,23,21,ee933b018e915bab85db85a1ed5736b888b952d9b3fea069ff2c574ac4d0592c,kien1
inventory_sell,itemrac/kien2.PNG,22,23,dd85e8f3f3d6165234637f7aabf4c6e87182ecaed5f44a5bc1fa50ab52d04a35,kien2
inventory_sell,itemrac/nhan1.PNG,19,21,73cc25352bb85a5ae983e3908f19934154e463aeaf1b552ca3237c24c75de75b,nhan1
inventory_sell,itemrac/nhan2.PNG,21,21,3664d76cc892234f48c05952d531cab3910be855b1e28d4b8e761fcdc04c3ca8,nhan2
inventory_sell,itemrac/nhan3.PNG,21,24,a048aca8ded20ca70173a15699bbf10b0cbe013ebc2e25b025fda13b7ca8de00,nhan3
inventory_sell,itemrac/non1.PNG,21,18,72f4381078f85c485bd9817dc6d207af4db8ebd07c6998f035bc2bf9df5a8c04,non1
inventory_sell,itemrac/non10.PNG,24,23,509b2763359c973a144637368a9f58b33be376f704b001422e588736236c52f7,non10
inventory_sell,itemrac/non11.PNG,19,21,acbfab67e70ee6732a3ad89b0521edc498972cbf00f2d3a4a0db0f784b6335bf,non11
inventory_sell,itemrac/non2.PNG,23,18,2cec7974d311a067dc530c344a2084baba764404a1c13fd04eaa05b5dbe3dee6,non2
inventory_sell,itemrac/non3.PNG,26,21,ecf2fa9cb948a5a41a365ab4742f848c472b7746b80e0a14f44e5a4e599ea492,non3
inventory_sell,itemrac/non4.PNG,21,20,df9e7a79ec674bebc1189307bc60cd65eeea4ce652398d1e298cdb8e49f9d3a2,non4
inventory_sell,itemrac/non5.PNG,23,18,43f27652bbb692eb28ef3dec8d311fac985b64580e5ed15c175b589d88a76a01,non5
inventory_sell,itemrac/non6.PNG,20,23,9fe14f8047957290efd8556736cc9dccbaa696ce68f09e93a1ea090637a224b2,non6
inventory_sell,itemrac/non7.PNG,23,18,3343e4867d975cce2ded82a57bf3107685b3a9f160f2887e2ec106b0a66ba6f9,non7
inventory_sell,itemrac/non8.PNG,21,19,4a8f2163fae617efdbd19cb54fcb7511df8d28c4925182c580dc0a1330e3c190,non8
inventory_sell,itemrac/non9.PNG,24,22,3677d0bfdf8095e7056aa0d81a46ec9250d85332a6287bfce996583ea7ade793,non9
inventory_sell,itemrac/phu1.PNG,26,16,3926d6f1c768cab2114355f8c1b022b728938642bfe4f1938feb5c302996881f,phu1
inventory_sell,itemrac/phu2.PNG,30,16,e532b159403e9fed97cd755d5d3edee53dc751f2a1e5001b56192ef8fed22b7e,phu2
inventory_sell,itemrac/phu3.PNG,17,21,1369d12b3f8d5384a958e3ceb7fac604ba0318002086342fb56284ca053f11bc,phu3
inventory_sell,itemrac/phu4.PNG,21,19,eff6b5ff4b781180f0aeac34b7438689f17a545a9866a515627d7f9fbb688c29,phu4
inventory_sell,itemrac/phu5.PNG,21,19,18f712b59c2d88fed6a89b0db8a5511696e0984009f2b6a18f43b05d53565709,phu5
inventory_sell,itemrac/phu6.PNG,17,21,20cae16da56541c6653520336eac40c327a95d5a61480567f6be0ff6d26c31a2,phu6
inventory_sell,itemrac/uyen1.PNG,23,21,c206747d4b56dd8cf52d0731c6ed674f5bc763b7308ce04bbf6b559049f7ac33,uyen1
inventory_sell,itemrac/uyen2.PNG,23,21,5befcc26a2cf3b6e45e59e4e7101bcf5c51b9716909792b2a2204bb5db429e30,uyen2
inventory_sell,itemrac/vk1.PNG,22,25,5df27a3939ce76adc89fa69a765f20dc3ebeb7adbcb72530432aa94ae5608b27,vk1
inventory_sell,itemrac/vk10.PNG,28,18,482269516abf12a4f0b6337a4868e1297a5cbff6ea36ac8cf4ac039209a12e78,vk10
inventory_sell,itemrac/vk11.PNG,25,20,97d0adf591e123ff1cb0b443a8e65fbf4133dd969ff74d8b936896423e8589d4,vk11
inventory_sell,itemrac/vk12.PNG,23,18,2a5795a45acef40e507c4f41911a16aa1f72a15163d4b19b4404b8beb5cb7779,vk12
inventory_sell,itemrac/vk13.PNG,28,23,2dc92a8e3dacb5e25ff923a74ecfa92799c3ef7f32dfd37ec7e5d94d2fbddb04,vk13
inventory_sell,itemrac/vk14.PNG,22,17,b762c436ae0752c0a352a4088cc3bb309170853f3acb167c4302a2ecca70a8ed,vk14
inventory_sell,itemrac/vk15.PNG,24,21,b659935c53d29d978de4a91212c7bcb8e248bf3af73242ed50438f545d9e9e72,vk15
inventory_sell,itemrac/vk16.PNG,23,25,8f08d996dd5561dbd0ce60ae82904fcdf5073e2fd6358ec1b7d8072f03728357,vk16
inventory_sell,itemrac/vk17.PNG,20,20,77764e2d2fa7ebe391ea79d419f92cd6c5852ea02ed5dfe5c59e0265ab637417,vk17
inventory_sell,itemrac/vk18.PNG,23,19,1e546abfda81cbd604079f76ad0b1c4b2135f30b5f9e10afdfba13bfd77cc216,vk18
inventory_sell,itemrac/vk19.PNG,16,23,db68536e67d570eff80a5e12bce6f80c4a0549d95b75e100bc4c300a5e177b62,vk19
inventory_sell,itemrac/vk2.PNG,21,18,ba3c7b496c9c78d5a17f0dadfc38d1c0c223aacc90a1195c287783a7baad839f,vk2
inventory_sell,itemrac/vk20.PNG,18,21,f3d0508f6e5e4a70a9545bb019879da02e52a0bd62feb4273a4b81ef27c71cdf,vk20
inventory_sell,itemrac/vk21.PNG,22,20,3a44ed7e86e8bec5a884ffb823f9d8b898d474619b23197c16e0c9baeb50e97b,vk21
inventory_sell,itemrac/vk22.PNG,27,24,a0b14f7aeef01502ec291996cee6753ecd8cdce1939ebf86c1615f51603e691b,vk22
inventory_sell,itemrac/vk23.PNG,27,31,50e4e1278f165a38c65bc7af8140813a8c96aaf32d38c501027a21ba7df1af4e,vk23
inventory_sell,itemrac/vk3.PNG,20,27,40665bf12648a75decd0dddb465cf8e07f1fd3b8e5e8efc6f842fafd5cf6722f,vk3
inventory_sell,itemrac/vk4.PNG,19,22,188a2946c414e9705e66db278af84ef08b5e8f581313f80f946e7536d1050479,vk4
inventory_sell,itemrac/vk5.PNG,18,24,48b43ddec5f029a9a17bb97a95c1751e4db5226422eebc18950ca75d29079e7b,vk5
inventory_sell,itemrac/vk6.PNG,25,18,df9976786126f391e136018779275a10fb35456ae278f4d1e000acdcf8ee6a96,vk6
inventory_sell,itemrac/vk7.PNG,22,22,a6334cd6f3d4aff9ce10a2ec0ed0da27c5278e8b496834a2cf49c1447e1b29e9,vk7
inventory_sell,itemrac/vk8.PNG,22,21,d7ea5d2e0382d6d392bbe6789f09db0714796b3b41536483f24634dcbb9d4104,vk8
inventory_sell,itemrac/vk9.PNG,20,19,6106ee72dd04ee09c7afe1598af113ef62bf869239d0c0a835181709b33a2ca1,vk9
quest_level,level/bietroi.PNG,46,13,457ee35c3d377b4ef7d300edf15c1bd75d8fc9c7db4450fd7fe2a4ceca291a60,bietroi
train_combat,level/danhquai.PNG,38,11,b9d9c2c68a80910f8c806dbd93443614efc811f14df14654b34ef59ed73d629b,danhquai
quest_level,level/danhquai.PNG,38,11,b9d9c2c68a80910f8c806dbd93443614efc811f14df14654b34ef59ed73d629b,danhquai
train_combat,level/danhquai1.PNG,36,13,9bfc0f1d15d7ce9784a31a008df9006970b0302d1f0067451ba4ce40cfdff64b,danhquai1
quest_level,level/danhquai1.PNG,36,13,9bfc0f1d15d7ce9784a31a008df9006970b0302d1f0067451ba4ce40cfdff64b,danhquai1
train_combat,level/danhquai2.PNG,41,11,2375f722753f5b43d1727e194be9b544320af609c9786287bf8873f6138b5e60,danhquai2
quest_level,level/danhquai2.PNG,41,11,2375f722753f5b43d1727e194be9b544320af609c9786287bf8873f6138b5e60,danhquai2
train_combat,level/danhquai3.PNG,36,10,3b7c0c1f95f2ccec7b502678078bc1ad1195af5272823f6e3f14b4ddca88998d,danhquai3
quest_level,level/danhquai3.PNG,36,10,3b7c0c1f95f2ccec7b502678078bc1ad1195af5272823f6e3f14b4ddca88998d,danhquai3
train_combat,level/danhquai4.PNG,39,10,ea9c8365f8e0c8ef226ff4184afe80019b417fba6937910afb41dc618d205e66,danhquai4
quest_level,level/danhquai4.PNG,39,10,ea9c8365f8e0c8ef226ff4184afe80019b417fba6937910afb41dc618d205e66,danhquai4
train_combat,level/danhquai5.PNG,73,14,b739583fe1a282965c9aeee3eafc2d382176bc731dfc72432d885a8e76aedfe7,danhquai5
quest_level,level/danhquai5.PNG,73,14,b739583fe1a282965c9aeee3eafc2d382176bc731dfc72432d885a8e76aedfe7,danhquai5
train_combat,level/danhquai6.PNG,73,14,b739583fe1a282965c9aeee3eafc2d382176bc731dfc72432d885a8e76aedfe7,danhquai6
quest_level,level/danhquai6.PNG,73,14,b739583fe1a282965c9aeee3eafc2d382176bc731dfc72432d885a8e76aedfe7,danhquai6
quest_level,level/dingangqua.PNG,95,15,b9648a6865bc59260298e523cc0167ec57883d55b5c4e55a5eddc59bd3f42b99,dingangqua
quest_level,level/dingangqua1.PNG,38,15,aadd4cf31042393b4871309f0202781b7676054dc698da562630e5ccde75c05c,dingangqua1
quest_level,level/dingangqua2.PNG,60,13,eac230efd255d603d151556e1c4dca9ff621b24d8ded83bfdf0d6be2d31dbb07,dingangqua2
quest_level,level/dingangqua3.PNG,47,16,4cc4e3cd6e03c878563b02add687a15d23b58d7d683c58464f50e264023108a6,dingangqua3
quest_level,level/dingangqua4.PNG,20,19,58164cb2e65bd7fbb1a6bc866d14f4b9de2489c40f2a7900ce561a4cdeb7b710,dingangqua4
quest_level,level/dingangqua5.PNG,73,14,b739583fe1a282965c9aeee3eafc2d382176bc731dfc72432d885a8e76aedfe7,dingangqua5
quest_level,level/end1.PNG,72,10,af46412e6a05cd3a0aeb86b508f0932a82422800150deff08b9a1d892105ac54,end1
quest_level,level/end2.PNG,34,11,4101aaa43f5acb21f02fc972149386192060c7df977e0f068bbcc9b964bd0a74,end2
quest_level,level/khuvuc.PNG,40,12,d972f288ab5a8e71a0ac60539cbba66c38bcb031d4a887df30167a64eab4730a,khuvuc
quest_level,level/len.PNG,42,23,366df8e0f8c6ba042cf535caa2fe7bcfea5d6f140790cd82d922acdc6b309971,len
quest_level,level/nhanthuong.PNG,61,15,54f6abec8f20dc600d3240f5cb2191f6ca200773ae79cc0d33ca2e2094e9cb84,nhanthuong
quest_level,level/npc1.PNG,25,22,2aadbc290d33142220f160f6c7223361b250079cbd8351a3096c79f4281cd0c1,npc1
quest_level,level/tiepnhan.PNG,51,16,20c26007515ba0056b68e02d0c1b504cd8c10d71b354249713848e90fb149c1c,tiepnhan
quest_level,level/tieptuc.PNG,69,11,120aa8d7ca6f14405e7013bc7b6546bf3187495b3b4efefd08c93cbdad01d5ed,tieptuc
quest_level,level/tieptuc1.PNG,72,11,e210406e85a7ca328fadef63f001dd4e189b660bfcb8f3be0f659581a541b494,tieptuc1
quest_level,level/tranv.PNG,24,17,860a644230d7c74b53325da2733aa324e361f15719404a93a5299fb636c1be5a,tranv
quest_level,level/vaocomo.PNG,71,13,58966f1d6bc513f335e11572e7e92fe1a5152f54515da631b9dad22e2c05972d,vaocomo
quest_level,level/vitri.PNG,78,10,e6b5f22f6fbff5057e40e21fcd076f0802b713ab34b3c587f930cb114505bd1c,vitri
quest_level,level/vitri1.PNG,67,9,fcc5660c0281540e405c1771f624861b15fc13eb17ae7a49b5994fece45c840c,vitri1
vision_perception,saveImage/-1011214708.png,30,10,3ad0debba2247a7b234cfd25f5e1a835082e45c16518f98355c3a9977bb66d15,-1011214708
vision_perception,saveImage/-1050341716.png,30,10,a41b74d630f2a6acd0355b2cb9a191d52b4acc0e98c35606a99154782b5a864c,-1050341716
vision_perception,saveImage/-1089792882.png,30,10,9e35c0bb5df3df14375b25583a13e4344f4e69cba13297f4ef3bcca53f600bfa,-1089792882
vision_perception,saveImage/-1099998838.png,30,10,79a62aec2e3d7bb07fcfbfef1007f584f0c783e268061f7a6a35d94d216a7e37,-1099998838
vision_perception,saveImage/-1102049772.png,30,10,d7806b07905e1313fc852d362354bbe8871f0b8358f43d6c48331f7a7b2115d8,-1102049772
vision_perception,saveImage/-1106243140.png,30,10,4a80a2f453c4b6f0fb92eaf6340bd112fac950d47bd4c275390478c3accf913d,-1106243140
vision_perception,saveImage/-1168303748.png,30,10,b9fab3f70e4261226d918e8ce841bc8ef66debb9f6ac23b7101de9aa0eab59c0,-1168303748
vision_perception,saveImage/-118877462.png,30,10,d24e21f1523778c9c5b172abe53766de942efc319f20e422a3b6eb1c0ad2bbec,-118877462
vision_perception,saveImage/-1189015542.png,30,10,74760080f44c2fdce1c74a698de08c4b827142539a02946f700384fc1c8cb8cf,-1189015542
vision_perception,saveImage/-1241900588.png,,,3a8800172f5834da4d0da1d7a24aa7bc508202ecf54b111271104ad10ec8b28a,-1241900588
vision_perception,saveImage/-1258027262.png,30,10,e7b96ab1ed89a110ba7b796cb3b06f8e6444b09157e1ed7defddb4d03b7986cf,-1258027262
vision_perception,saveImage/-1262742306.png,30,10,1fad5209b24e725b45d470102e9d76a90089834b829633420d61fed136bcb1f6,-1262742306
vision_perception,saveImage/-1305080530.png,30,10,409a8a561d3825481f0620f0cc507ddc6fa0991d84af23184a85106744cb5ba8,-1305080530
vision_perception,saveImage/-1309535478.png,30,10,b2951721b3999fa425e70f4e6297c973ded99e4332288698d89dd33997e64dc8,-1309535478
vision_perception,saveImage/-1339813602.png,30,10,209dbc0b726f2b04b35f13f8e8b691db4903bf83188551c25b00ed8a19d870ea,-1339813602
vision_perception,saveImage/-1344863002.png,30,10,4da8759e63d6358ae53333d17563e6f715b9440fdf1762d16299cfb461ccec99,-1344863002
vision_perception,saveImage/-1395058080.png,30,10,d41a978083c580f484255db324dcc087e781094cb4caaf38657f84c1ee5685a4,-1395058080
vision_perception,saveImage/-1406200116.png,30,10,e93a0bbea3dd36d25be14580bfcfe61e6730473eb55d6f863514382757a3d3fb,-1406200116
vision_perception,saveImage/-1412427206.png,30,10,d535664c00b9501c7c71b6e05407df8891ed2712440191b9591f31b84ef8cb89,-1412427206
vision_perception,saveImage/-1416554972.png,30,10,ab2b3716c69ce80e77dd1c9e97284d0799bd7da9864554593a4ddb2fd2a977ae,-1416554972
vision_perception,saveImage/-1475603912.png,30,10,1ba96f9b87727be719fac3bc07f760f88985fc7093032a3c56d8c7e36bc8ddde,-1475603912
vision_perception,saveImage/-1479731974.png,30,10,d24e21f1523778c9c5b172abe53766de942efc319f20e422a3b6eb1c0ad2bbec,-1479731974
vision_perception,saveImage/-1518857018.png,30,10,d6eac492e5ab612112175747388481c41ef6bd88ed7c9887aee365559e2534d0,-1518857018
vision_perception,saveImage/-1532946418.png,30,10,2fb7e19e0e360681f65669ec9f164a611e6b5c9979dbdd237e7b6a175e0a3f70,-1532946418
vision_perception,saveImage/-1546975630.png,30,10,84dda79956c6158a7c5a7c14a2b07b84ccbb494e323a5ccba804a8bb8c5c8eab,-1546975630
vision_perception,saveImage/-1551104888.png,30,10,a484c3ebc68158183ddbc511443ebe90598398ac54b0386c57d8ddbc1b87f8bb,-1551104888
vision_perception,saveImage/-1571018226.png,30,10,8b58326a7a99c1bd01a5f47167c7299a8af38570d77da78167a5e2da56a0e774,-1571018226
vision_perception,saveImage/-1599863106.png,30,10,3495aaa2f75375dd6da39a902238bc956d234168b9eb302b4a3309fe7484860a,-1599863106
vision_perception,saveImage/-1600974458.png,30,10,906045e77aec424f33ec3206eb27e367d7cc6a2e07688ae04556abe5cca2728a,-1600974458
vision_perception,saveImage/-1626138448.png,30,10,7db5f922fcd1e79292bce002a1122ed46cafb0ec2cf2870f9b0c7243b1e15bf3,-1626138448
vision_perception,saveImage/-1635249724.png,30,10,d0174c38faffd34855f39648fbe88f55f8b1779997b99eac7006bedff76b4d9b,-1635249724
vision_perception,saveImage/-1648357430.png,30,10,15459176ca85e57cd6d33e0657fa2a380fbed7fdf234974d0bbc32db6cc204e9,-1648357430
vision_perception,saveImage/-1649797188.png,30,10,409a8a561d3825481f0620f0cc507ddc6fa0991d84af23184a85106744cb5ba8,-1649797188
vision_perception,saveImage/-1689320850.png,30,10,f69785d84164b02e643443e70c57ac88dac15f7fb6e52b68129b2d11c9d2ba03,-1689320850
vision_perception,saveImage/-1719200066.png,30,10,d0dbd9797e0d7f7fd28b813563b27755e63753ed9d08ab64717cb0b9e3c5de2f,-1719200066
vision_perception,saveImage/-1724509538.png,30,10,2be1919445a88eb968f4dac4e726bd57f55ada0779b9725a9dedab1bed23defd,-1724509538
vision_perception,saveImage/-1737486296.png,30,10,073146bb52b42b23365fd3fb8e631f3e30b81f90e5cb9f40797bb49b83c6bc99,-1737486296
vision_perception,saveImage/-1775234320.png,30,10,41e4b080a73e5a1d53dc8f2cc770e70ecd51ac0c97ffa252f7207eda35c4642f,-1775234320
vision_perception,saveImage/-1793261436.png,30,10,3417eb7d385a0be8f2567f5b22634fef44d8d28ebaf9fb8c2fef6da852d9232d,-1793261436
vision_perception,saveImage/-1804068036.png,30,10,71401e5b10db6cff85d69651d7f1d0f8e540c30e167070b9672cbc1731f9fe9b,-1804068036
vision_perception,saveImage/-1823993720.png,30,10,2e2df0596e73d94881cd9fc66f84ec8557bd961ed4e9fc2d7945faa735ac968c,-1823993720
vision_perception,saveImage/-1880872840.png,30,10,4a189f024df44775a437807bfca9b5a2cd6058e0b007e1c48dc73ae97129ed03,-1880872840
vision_perception,saveImage/-1899947412.png,30,10,ab06b0670231f850b081028e32fd3d8726bf0338f5d2181fc186b9542235076e,-1899947412
vision_perception,saveImage/-1915153822.png,30,10,c250538d2341ea62fbda1d7308d0d24e9895aafe25ac7e0596ffd911fd41e34a,-1915153822
vision_perception,saveImage/-1930805354.png,30,10,be1607636f6a4262835d75111b7bdf2a00a9f5954ed1d09367dfc59bb678acba,-1930805354
vision_perception,saveImage/-1932850336.png,30,10,04a1820fde82a1ecb4b9910a67da7ebaf2acd1fcc3b06b8aac55275b6dfc6513,-1932850336
vision_perception,saveImage/-1952770066.png,30,10,f5920b370a05dd3f994b8dd98c3fb9faf0bba3a7b1f8f3fe6fbf0c629efba4d8,-1952770066
vision_perception,saveImage/-1953687686.png,30,10,d535664c00b9501c7c71b6e05407df8891ed2712440191b9591f31b84ef8cb89,-1953687686
vision_perception,saveImage/-1975317470.png,30,10,af4ca85279348c97db412a4efd99c882d481ed9e252e2a3281314e84d0cdc5df,-1975317470
vision_perception,saveImage/-1998584522.png,30,10,f5920b370a05dd3f994b8dd98c3fb9faf0bba3a7b1f8f3fe6fbf0c629efba4d8,-1998584522
vision_perception,saveImage/-2014883320.png,30,10,87b3ad9d9c6b8f0f6a71e7ce2621624bff1096facb6e5713bf88089ea29e145c,-2014883320
vision_perception,saveImage/-2027548600.png,30,10,d41a978083c580f484255db324dcc087e781094cb4caaf38657f84c1ee5685a4,-2027548600
vision_perception,saveImage/-2042490510.png,30,10,15459176ca85e57cd6d33e0657fa2a380fbed7fdf234974d0bbc32db6cc204e9,-2042490510
vision_perception,saveImage/-2054546446.png,30,10,cf38f23ee489f0c71b1450dbf4006e29892eaed4ef45eb53ce9b96ee00c8b7d1,-2054546446
vision_perception,saveImage/-2070735284.png,30,10,8ccfa8965849aa7ed3831ece327d34483b2d42617e9edb4d07f3be1c394dd749,-2070735284
vision_perception,saveImage/-2072639938.png,30,10,611d23803e0a870728bfee712ce76a03455c021bb062dc7994ba0dd8d890800a,-2072639938
vision_perception,saveImage/-207546702.png,30,10,745753ff410c49ca73238a516e178ef24bb87b1f16f2d2c510b6223dab9c4581,-207546702
vision_perception,saveImage/-208465072.png,30,10,1da72cb153eee04814d0a841241188e16c7e27f61985266477cbdc5fe4c412ee,-208465072
vision_perception,saveImage/-2085808718.png,30,10,8b77798b1cc3af3276b0a24460b72707b273ecee89d5be34552c6d7ccdc97cb5,-2085808718
vision_perception,saveImage/-2096622292.png,30,10,6123d00fcf4d4ef1496bf84a8aa5afd8e0c21859f28b14a7b9d21abcd20e55bc,-2096622292
vision_perception,saveImage/-2112615866.png,30,10,159a7a02db1487453c569d3e94aecdac8ddce6e23352428414928d5ed76ef953,-2112615866
vision_perception,saveImage/-212725768.png,30,10,3807d5ae0d52294d0406408503bf8745a71d8d2dfa3e78f4c4e5ece525fec364,-212725768
vision_perception,saveImage/-2143676426.png,30,10,15459176ca85e57cd6d33e0657fa2a380fbed7fdf234974d0bbc32db6cc204e9,-2143676426
vision_perception,saveImage/-268954804.png,30,10,d535664c00b9501c7c71b6e05407df8891ed2712440191b9591f31b84ef8cb89,-268954804
vision_perception,saveImage/-317844126.png,30,10,d7806b07905e1313fc852d362354bbe8871f0b8358f43d6c48331f7a7b2115d8,-317844126
vision_perception,saveImage/-407955906.png,30,10,d24e21f1523778c9c5b172abe53766de942efc319f20e422a3b6eb1c0ad2bbec,-407955906
vision_perception,saveImage/-411497840.png,30,10,c368157bac147231f64ba8a562b92af19a0640e182a6935f5dead56691b6049b,-411497840
vision_perception,saveImage/-429312518.png,30,10,078f79e9d893426d711d66377312d3970822a53ff46eccf46672e6b280f6f996,-429312518
vision_perception,saveImage/-474998720.png,30,10,8b6d39e11939ee295e66ee3397ee413695d7849488f7c23c9a54fcfc97fd6157,-474998720
vision_perception,saveImage/-479261530.png,30,10,fd85afaaeb1057fb9001822359d8413de361727e29e04cd7ff32bf9463ef0892,-479261530
vision_perception,saveImage/-497502506.png,30,10,f619c414ebd361bfb5a52b3d634fa594b5c1eebeb02f202057c223adee29b5c5,-497502506
vision_perception,saveImage/-523691904.png,30,10,6a5d62ccd4f55fd8a4cae23ebd8c5126ff6251528c98b708c7d9041e1e47d2aa,-523691904
vision_perception,saveImage/-559608138.png,30,10,0c1f4c000a799d9ba6874550582eb92be584d793131ee1874ecccdb8aa2a089e,-559608138
vision_perception,saveImage/-623048894.png,30,10,d7806b07905e1313fc852d362354bbe8871f0b8358f43d6c48331f7a7b2115d8,-623048894
vision_perception,saveImage/-645127556.png,30,10,ee05697f9ac31a29b967978808afb6b2b0e47eab9884dc7a827116b9cc16a6bb,-645127556
vision_perception,saveImage/-657517552.png,30,10,99b321dc919ed54b7117c3706c9984c325409cf76ce9545eefe9ae3caff11d27,-657517552
vision_perception,saveImage/-741798722.png,30,10,c6d54c86999f81972e62855b45683bdfc63e5e72023d602ac98f1835807cded2,-741798722
vision_perception,saveImage/-745728544.png,30,10,d7806b07905e1313fc852d362354bbe8871f0b8358f43d6c48331f7a7b2115d8,-745728544
vision_perception,saveImage/-753265062.png,30,10,d7806b07905e1313fc852d362354bbe8871f0b8358f43d6c48331f7a7b2115d8,-753265062
vision_perception,saveImage/-765851260.png,30,10,f5920b370a05dd3f994b8dd98c3fb9faf0bba3a7b1f8f3fe6fbf0c629efba4d8,-765851260
vision_perception,saveImage/-775354092.png,30,10,c7045e079e7a7e4cd822cfbae14cd6af57022c8f1e5753106c48a83f291ed8a3,-775354092
vision_perception,saveImage/-781161992.png,30,10,bedd1b0a83cbbbabb257739a8ba2aae06c91c06174df67d6d3c123ff92c1f41b,-781161992
vision_perception,saveImage/-855177162.png,30,10,d535664c00b9501c7c71b6e05407df8891ed2712440191b9591f31b84ef8cb89,-855177162
vision_perception,saveImage/-881978344.png,30,10,fd85afaaeb1057fb9001822359d8413de361727e29e04cd7ff32bf9463ef0892,-881978344
vision_perception,saveImage/-921827622.png,30,10,74760080f44c2fdce1c74a698de08c4b827142539a02946f700384fc1c8cb8cf,-921827622
vision_perception,saveImage/-933750546.png,,,6a04e7169462272e9804afaaacc3d917ff22bfe6e2c6c01669be49c6dac37608,-933750546
vision_perception,saveImage/1.png,37,9,a661c9443d3260d8f1bbc4b8c11157bcc5685de64d7b8f336c11ea91dcab00b9,1
vision_perception,saveImage/1000482860.png,30,10,d0dbd9797e0d7f7fd28b813563b27755e63753ed9d08ab64717cb0b9e3c5de2f,1000482860
vision_perception,saveImage/10028474.png,30,10,d75953d5483f8ce297b66c941011b25f47bcab7316d9636a48773db707fdcf25,10028474
vision_perception,saveImage/10030674.png,30,10,2e2df0596e73d94881cd9fc66f84ec8557bd961ed4e9fc2d7945faa735ac968c,10030674
vision_perception,saveImage/10031992.png,30,10,74760080f44c2fdce1c74a698de08c4b827142539a02946f700384fc1c8cb8cf,10031992
vision_perception,saveImage/10032060.png,30,10,552c814506464a7e07f9122ba764ce58b6c3825af5a39150ef284e164106b434,10032060
vision_perception,saveImage/100474710.png,30,10,a5e1daabcf35aaed61cf95a9ad5a1980558b7ee2c34e638a1b5b177cb3ceaa70,100474710
vision_perception,saveImage/100935654.png,30,10,98f7f377d6d273bfa3ea43eda50b2f79b227e1c9dc7032ed0f7df8accadd3369,100935654
vision_perception,saveImage/1012338698.png,30,10,4444bd9c6b55db72667b5a8226f7b45508745de322378dbea701ddfadcb1a2ea,1012338698
vision_perception,saveImage/1012339928.png,30,10,be56b95de50f5c7a09476007529d3cebb880e2aa4aa0418f3cf3def7d4c520c5,1012339928
vision_perception,saveImage/10159240.png,30,10,d535664c00b9501c7c71b6e05407df8891ed2712440191b9591f31b84ef8cb89,10159240
vision_perception,saveImage/101847664.png,30,10,b2951721b3999fa425e70f4e6297c973ded99e4332288698d89dd33997e64dc8,101847664
vision_perception,saveImage/102043394.png,30,10,3bc6c66e8f0763739d1554dec1e5f9588ee5b264f5fa1456048bcdfccf43cd34,102043394
vision_perception,saveImage/102109432.png,30,10,86aa28b2672717cde75ba2c37ad491e509f564036b90c7628ae6657960c44b84,102109432
vision_perception,saveImage/10227054.png,30,10,04a1820fde82a1ecb4b9910a67da7ebaf2acd1fcc3b06b8aac55275b6dfc6513,10227054
vision_perception,saveImage/102371402.png,30,10,614c61e4c5725630217d8df1123886d0b927fc6be9e29fbb98b71b9f329a5f30,102371402
vision_perception,saveImage/1025385212.png,30,10,6671ba57803714aab3319a9ab0d8c122a2afb5b3ae45a12292982def50e05594,1025385212
vision_perception,saveImage/102576298.png,30,10,552c814506464a7e07f9122ba764ce58b6c3825af5a39150ef284e164106b434,102576298
vision_perception,saveImage/10292202.png,30,10,ffabd6fd967f0f181b93f01df6c7b6082e4b8705150e169bdd889321912c9d13,10292202
vision_perception,saveImage/10292444.png,30,10,9e35c0bb5df3df14375b25583a13e4344f4e69cba13297f4ef3bcca53f600bfa,10292444
vision_perception,saveImage/10294042.png,30,10,5c1c79ee4611476e29ff6462d719a73f86f65ad8d1fe30a3137295f923adc52e,10294042
vision_perception,saveImage/1030492814.png,30,10,69a3f7d8f4682dd9b1ba7620a807f9d0a6113a76b3d74aec4e9f98e4a17fd2c5,1030492814
vision_perception,saveImage/1033992.png,30,10,bedd1b0a83cbbbabb257739a8ba2aae06c91c06174df67d6d3c123ff92c1f41b,1033992
vision_perception,saveImage/1034098952.png,30,10,278373da25a7f32b01a2f8eccfe58095bccee250f60cbeffb83f772c7661624e,1034098952
vision_perception,saveImage/10356324.png,30,10,15459176ca85e57cd6d33e0657fa2a380fbed7fdf234974d0bbc32db6cc204e9,10356324
vision_perception,saveImage/10357628.png,30,10,71401e5b10db6cff85d69651d7f1d0f8e540c30e167070b9672cbc1731f9fe9b,10357628
vision_perception,saveImage/103617976.png,30,10,8456869aae66e527f1ddff0fb6834c720cf929ebd79c527d823e4aafb1d2ea0e,103617976
vision_perception,saveImage/1037112.png,30,10,c4c3573fc7376149229e49577c4a0cf2b86584d2ccd8621df9adf4541fb762a2,1037112
vision_perception,saveImage/10423060.png,30,10,1ba96f9b87727be719fac3bc07f760f88985fc7093032a3c56d8c7e36bc8ddde,10423060
vision_perception,saveImage/1043595386.png,30,10,41e4b080a73e5a1d53dc8f2cc770e70ecd51ac0c97ffa252f7207eda35c4642f,1043595386
vision_perception,saveImage/1046680618.png,30,10,1ba96f9b87727be719fac3bc07f760f88985fc7093032a3c56d8c7e36bc8ddde,1046680618
vision_perception,saveImage/104670436.png,30,10,ae68765874edc882b7709b139380c0e0b06c3b773f14e208b507a88001880e49,104670436
vision_perception,saveImage/104679686.png,30,10,cea1a33fc52b441a56491de7164ddebe6f1e41e5fecb6d4ae7d4de66e44df03c,104679686
vision_perception,saveImage/1046832.png,30,10,d73c6b819455cfe8dce2d308cf42114b365b3ac6b656054f2fb8d25b351126de,1046832
vision_perception,saveImage/1047262.png,30,10,5e941b516d6b39815ac2cac28800d129f0cd0618a879d51825fe1deebc60241b,1047262
vision_perception,saveImage/1048662.png,30,10,366f9f9e1232a0f055bfeba91e8a687b2113bcc76efd72a29c34d21447b0de94,1048662
vision_perception,saveImage/1048794.png,30,10,74760080f44c2fdce1c74a698de08c4b827142539a02946f700384fc1c8cb8cf,1048794
vision_perception,saveImage/1048839396.png,30,10,77d3a14809d0789bd57c9a1f9c69b0ea59cf8fda909a02fc6ce2bfd88d7ae555,1048839396
vision_perception,saveImage/1049188.png,30,10,611d23803e0a870728bfee712ce76a03455c021bb062dc7994ba0dd8d890800a,1049188
vision_perception,saveImage/1049224.png,30,10,81a38c2dd5bfebdb54baea9b5d3ea1da3a34903b247c6f446de7a748ed90c037,1049224
vision_perception,saveImage/1049616.png,30,10,81a38c2dd5bfebdb54baea9b5d3ea1da3a34903b247c6f446de7a748ed90c037,1049616
vision_perception,saveImage/1049678.png,30,10,87f0ec35c2351945163bb12522011467a55504477b5a583b155b388a7db6940d,1049678
vision_perception,saveImage/1049796.png,30,10,cf38f23ee489f0c71b1450dbf4006e29892eaed4ef45eb53ce9b96ee00c8b7d1,1049796
vision_perception,saveImage/1049826.png,30,10,3a260262dec5f5a46a6589173562e9ee9084d88bc3c6e4dd5f442b34e9a870a0,1049826
vision_perception,saveImage/1049842.png,30,10,04c09202845bdffc873a0c176f18f425f1859b5ecf432e3ae136e931c21ac8e2,1049842
vision_perception,saveImage/1049890.png,30,10,5c1c79ee4611476e29ff6462d719a73f86f65ad8d1fe30a3137295f923adc52e,1049890
vision_perception,saveImage/1049918.png,30,10,52b511a25576454d7cd28faae423b7604567f1774ae7e826f377147ce5d3b741,1049918
vision_perception,saveImage/1049946.png,30,10,8c4f8e04d1ec7ee36846c24bcc331e5508eef2be6e2a75353db602c15042c789,1049946
vision_perception,saveImage/1049978.png,30,10,d41a978083c580f484255db324dcc087e781094cb4caaf38657f84c1ee5685a4,1049978
vision_perception,saveImage/1050014.png,30,10,4e967c39243c16c9b2187b72bcdcff2ce658bca961b4d6fc3441a46f2db81b93,1050014
vision_perception,saveImage/1050032.png,30,10,b81f08c3d8413363fb73fd1301b43985a53d30eb3f306dad39aebec15f028dd0,1050032
vision_perception,saveImage/1050090.png,30,10,0c9465f72744a639a3e27030a6809c117624ef3a0f21e082802dcc2e946d2c6b,1050090
vision_perception,saveImage/1050104.png,30,10,3d72517831de6198adc0c5fb51c1db0c97de78702a51f2dcf4da1181fe8845b9,1050104
vision_perception,saveImage/1050112.png,30,10,ffabd6fd967f0f181b93f01df6c7b6082e4b8705150e169bdd889321912c9d13,1050112
vision_perception,saveImage/1050154.png,30,10,bf004dea4e366fb4c42d851d09621f0bac1fab44b4ca5915463b40b0a2a0ded4,1050154
vision_perception,saveImage/1050238.png,30,10,05d3e4bc56e9f3f2ea9b7c36ca1280d802c71730859a8c654e0fd859879257f6,1050238
vision_perception,saveImage/1050244.png,30,10,5f1c78f8c6bce1fbe9dffd6dd1992018b6933c0526bf9a752318dcf04b5025a2,1050244
vision_perception,saveImage/1050248.png,30,10,d24e21f1523778c9c5b172abe53766de942efc319f20e422a3b6eb1c0ad2bbec,1050248
vision_perception,saveImage/1050264.png,30,10,f78c0be0823b8c5afd244c681c5621fa5ab411a56f1904709ac39ac65e4e9d75,1050264
vision_perception,saveImage/1050362.png,30,10,e19c90222702fd470139678d2688ab183e12abf7272917d8ffa1e131fb211da7,1050362
vision_perception,saveImage/1050376.png,30,10,b2951721b3999fa425e70f4e6297c973ded99e4332288698d89dd33997e64dc8,1050376
vision_perception,saveImage/1050426.png,30,10,a484c3ebc68158183ddbc511443ebe90598398ac54b0386c57d8ddbc1b87f8bb,1050426
vision_perception,saveImage/1050580.png,30,10,2692987be198c4ee17b239662fe5a3e4c462790aa3f7729190a137fc6c95b8a8,1050580
vision_perception,saveImage/1050588.png,30,10,a7907506a54b822878ce79357c2057093a2c20016ee3deb2aa9b9923e682f522,1050588
vision_perception,saveImage/1050590.png,30,10,cf38f23ee489f0c71b1450dbf4006e29892eaed4ef45eb53ce9b96ee00c8b7d1,1050590
vision_perception,saveImage/1050616.png,30,10,29091a36115c34239f30e020ef461004a9d4469492cb0da47903b22828cadd14,1050616
vision_perception,saveImage/1050638.png,30,10,a1c4294612dd2fd74af60bd1fba476aeae06f3665bf826a22f3ebf093d89437b,1050638
vision_perception,saveImage/1050726.png,30,10,b245a020fabce186cc321bcda10fdc3377b9b529e4fb0f3aa0527ea4aaa153cc,1050726
vision_perception,saveImage/1050776.png,30,10,ddc0a31ed68e145fabe4788486ef8ac1315699b02345b02686772e4d87c306a6,1050776
vision_perception,saveImage/1050786.png,30,10,ffabd6fd967f0f181b93f01df6c7b6082e4b8705150e169bdd889321912c9d13,1050786
vision_perception,saveImage/1050856.png,30,10,ace79bce045b394535a69e08905c1f46dde6f0f1cf3bfe361c0d793efebbc55b,1050856
vision_perception,saveImage/1050928.png,30,10,3bc9f147d34d812d7e304bb1f4228f1d0f7dea0e5ea2b452a5d16e3da92689d4,1050928
vision_perception,saveImage/1050938.png,30,10,6b9ef99735aaecf2fde5aa32d1a0afedc7b03208d11919a1602c213dc9873847,1050938
vision_perception,saveImage/1050982.png,30,10,eba32fa115b19bbf751718b36e2aa31392a9a9d4eae7f8099f6c82391744df9b,1050982
vision_perception,saveImage/1051216.png,30,10,74760080f44c2fdce1c74a698de08c4b827142539a02946f700384fc1c8cb8cf,1051216
vision_perception,saveImage/1051230.png,30,10,09ed85d968a7321230cbc62f8156398ba953176e37a5c3ac639f2d5a39fb520e,1051230
vision_perception,saveImage/1051232.png,30,10,41e4b080a73e5a1d53dc8f2cc770e70ecd51ac0c97ffa252f7207eda35c4642f,1051232
vision_perception,saveImage/1051234.png,30,10,bedd1b0a83cbbbabb257739a8ba2aae06c91c06174df67d6d3c123ff92c1f41b,1051234
vision_perception,saveImage/1051288.png,30,10,5c1c79ee4611476e29ff6462d719a73f86f65ad8d1fe30a3137295f923adc52e,1051288
vision_perception,saveImage/1051310.png,30,10,9f5ab988b5a2b340e9749250753dc779f1a44794c42101f7d4ddeefc285a87a0,1051310
vision_perception,saveImage/1051320.png,30,10,1da72cb153eee04814d0a841241188e16c7e27f61985266477cbdc5fe4c412ee,1051320
vision_perception,saveImage/1051374.png,30,10,0797692380c55890324f0eaba37dffbe599325260758f63a6e9b38c975844c4b,1051374
vision_perception,saveImage/1051462.png,30,10,2be1919445a88eb968f4dac4e726bd57f55ada0779b9725a9dedab1bed23defd,1051462
vision_perception,saveImage/1051482.png,30,10,a0a28cfdc88a9d9ac1f5de442cfa521b3fffb1771f97b9c494a594d49c36a2b6,1051482
vision_perception,saveImage/1051484.png,30,10,67dcbdba8f912a4107bc0902c2d842a0fe55ae4cd790f2f5bbf1e4514bda8595,1051484
vision_perception,saveImage/1051510.png,30,10,d0dbd9797e0d7f7fd28b813563b27755e63753ed9d08ab64717cb0b9e3c5de2f,1051510
vision_perception,saveImage/1051534.png,30,10,1d0caa9855f6a3128ef3c5f2ab98c5637f5ad0a5156292099beb2f5bb4b39921,1051534
vision_perception,saveImage/1051554.png,30,10,3cc568f7a708b94e6284d650d8ef5b1b8e486a7fb42dcb30f21b58c41a1d4fd1,1051554
vision_perception,saveImage/1051608.png,30,10,8b77798b1cc3af3276b0a24460b72707b273ecee89d5be34552c6d7ccdc97cb5,1051608
vision_perception,saveImage/1051618.png,30,10,cf38f23ee489f0c71b1450dbf4006e29892eaed4ef45eb53ce9b96ee00c8b7d1,1051618
vision_perception,saveImage/1051694.png,30,10,79c35e75342516a7a148a418bef6f4640b82deda86a534e5d24c1efa17255451,1051694
vision_perception,saveImage/1051696.png,30,10,9e35c0bb5df3df14375b25583a13e4344f4e69cba13297f4ef3bcca53f600bfa,1051696
vision_perception,saveImage/1051728.png,30,10,ee7441bf4929e27ffd9e511bebff2969cca307e8f1797207fb1bd57a315b9bed,1051728
vision_perception,saveImage/1051772.png,30,10,467ff4ad0c90c1c433b4797489ca679ea8297fd8c102d56543c547a6ef660491,1051772
vision_perception,saveImage/1051782.png,30,10,6a64b67ec3d53fc8b6563bdebaa3e12016f29473eebbe507380100a66e845eed,1051782
vision_perception,saveImage/1051816.png,30,10,ae7b18d6a79b78bbe74e6d6365bd809cf43a78aefc96952c40b882ec04eb6599,1051816
vision_perception,saveImage/1051824.png,30,10,41e4b080a73e5a1d53dc8f2cc770e70ecd51ac0c97ffa252f7207eda35c4642f,1051824
vision_perception,saveImage/1051832.png,30,10,8017c0b1fbdaabec59058f1cce691dd219c573c3ecb3bc34195923e0f5a6204b,1051832
vision_perception,saveImage/1051874.png,30,10,467001e3d94ca3f5469a0dc58f0a9bab725bf117575c2b921339a4b2d8922145,1051874
vision_perception,saveImage/105190522.png,30,10,7f55d55f707eb21f3e45d0c957d1adddde64c3a44f2b90d45d0cd3eea07c62b3,105190522
vision_perception,saveImage/1051960.png,30,10,b530a080fc3a730b411e6e2146a63a997e3b46bfb36915ced58ba949a74a88a7,1051960
vision_perception,saveImage/1051980.png,30,10,29477586571f8f1a18f406423c7bb9aee3e7af22c956b444724b50badc7fd831,1051980
vision_perception,saveImage/1051982.png,30,10,f69785d84164b02e643443e70c57ac88dac15f7fb6e52b68129b2d11c9d2ba03,1051982
vision_perception,saveImage/1051988.png,,,25778f162c4243167f8eaa876f1b0619e67afc158de7805600471a563ec5e8b7,1051988
vision_perception,saveImage/1052030.png,30,10,29506d1bf35b9d576fa3553e1ec50398ebe25760e3873062aeb2ccd86a5ba62c,1052030
vision_perception,saveImage/1052032.png,30,10,68de4f5977dfe6373c727fefabc5ef84ec0f32899196de02c7e8f2cb50e8b5f8,1052032
vision_perception,saveImage/1052048.png,30,10,adb3d735895254763b747e361e341ead3c764ed7c9d0be182dc89973e73999a9,1052048
vision_perception,saveImage/1052064.png,30,10,bc580ef94f1c0870be2c8f166a24635cb0761fc211b5bade9450c958a1032b2c,1052064
vision_perception,saveImage/1052068.png,30,10,ba2d0e7d41e0e29771a6050fb9c44e2c0c5c2265d0cb1c234eaadce348df3e74,1052068
vision_perception,saveImage/1052096.png,30,10,1ba96f9b87727be719fac3bc07f760f88985fc7093032a3c56d8c7e36bc8ddde,1052096
vision_perception,saveImage/1052106.png,30,10,6123d00fcf4d4ef1496bf84a8aa5afd8e0c21859f28b14a7b9d21abcd20e55bc,1052106
vision_perception,saveImage/1052142.png,30,10,38d8ce6dc1001deced387cf4a50deccea0c3895720faec3ed3f456fdaf53cb68,1052142
vision_perception,saveImage/1052164.png,30,10,2fb7e19e0e360681f65669ec9f164a611e6b5c9979dbdd237e7b6a175e0a3f70,1052164
vision_perception,saveImage/1052270.png,30,10,d118d24579a1ff0f1a271da8c8767b0add1fbc6d2d52eafbd8cdfbf0a9de3fc4,1052270
vision_perception,saveImage/1052272.png,30,10,462ab174189744f0e9f9c572c2ab7dbc8ec9af5b448c9550573d9a192a08f53f,1052272
vision_perception,saveImage/1052282.png,30,10,838df13f19c970919f437bacd2b7f78289d3cbac1c09d20ca74054ec85919071,1052282
vision_perception,saveImage/1052402.png,30,10,b81f08c3d8413363fb73fd1301b43985a53d30eb3f306dad39aebec15f028dd0,1052402
vision_perception,saveImage/1052424.png,30,10,16cf683a1ab761155835f03604036be00bb5e5f3553f9a393f088a4fd55fef61,1052424
vision_perception,saveImage/1052444.png,30,10,e93a0bbea3dd36d25be14580bfcfe61e6730473eb55d6f863514382757a3d3fb,1052444
vision_perception,saveImage/1052468.png,30,10,74760080f44c2fdce1c74a698de08c4b827142539a02946f700384fc1c8cb8cf,1052468
vision_perception,saveImage/1052498.png,30,10,64dfe01ac9550030854fecbd2faefc653daa1f745ee70e8968a9fd59a930d17f,1052498
vision_perception,saveImage/105252728.png,30,10,27fa17d3ef929f4fd0d647d4b5ab5cfa4c65092716fd3bbdf2613ab7d52f2397,105252728
vision_perception,saveImage/105256120.png,30,10,b530a080fc3a730b411e6e2146a63a997e3b46bfb36915ced58ba949a74a88a7,105256120
vision_perception,saveImage/1052570.png,30,10,5dfc7e77d250d8ae19771a950d65e93036ae0d29992385f19a6103871a12e9d6,1052570
vision_perception,saveImage/105264484.png,30,10,f1adda40c7b5c3183dab1942cdb1846f0156d7095df526b017d33a64816a3f6b,105264484
vision_perception,saveImage/1052690.png,30,10,41e4b080a73e5a1d53dc8f2cc770e70ecd51ac0c97ffa252f7207eda35c4642f,1052690
vision_perception,saveImage/1052780.png,30,10,fd85afaaeb1057fb9001822359d8413de361727e29e04cd7ff32bf9463ef0892,1052780
vision_perception,saveImage/1052802.png,30,10,728e9b0e265ab01273fce09f456a21a0b3011f20dd9792f6d5d5d15640c47ee3,1052802
vision_perception,saveImage/1052930.png,30,10,72145a0891ad96156ef77f8678e096421c0554b4879755dbae2421bf18a4bcc3,1052930
vision_perception,saveImage/1052948.png,30,10,d24e21f1523778c9c5b172abe53766de942efc319f20e422a3b6eb1c0ad2bbec,1052948
vision_perception,saveImage/1052994.png,30,10,a484c3ebc68158183ddbc511443ebe90598398ac54b0386c57d8ddbc1b87f8bb,1052994
vision_perception,saveImage/1053030.png,30,10,a7907506a54b822878ce79357c2057093a2c20016ee3deb2aa9b9923e682f522,1053030
activity_thuylao,thuylao/a1.png,14,14,a928932eb3eb6b4005137852cde8f11a44c81b57847623265e6f4c4efa14e2e2,a1
activity_thuylao,thuylao/bangchat.PNG,52,16,4d00c0c99db393f9f169746ccd12cfef9dc56b590a2a8bda942ade8ccabce7c6,bangchat
activity_thuylao,thuylao/bangxindoi.PNG,64,15,78181d544f11446bbb3697ea7fca7e9bcf14fbdddbb9e3d1ae212c3db158680c,bangxindoi
activity_thuylao,thuylao/batchat.PNG,17,21,039c68b5fb3668681afbc8cc3994cf8711dccd720d8a6c94de041e2c3c10b903,batchat
activity_thuylao,thuylao/bossat.PNG,21,20,5d1fd95f751bedb633246ff6982a3c1cb1e5c140dbb24447b0539d9e140d8baa,bossat
activity_thuylao,thuylao/chatpt.PNG,37,17,dede29aa7808f37e30749903d46e0d58fc02f3fb667895d9251d86b1777c8197,chatpt
train_combat,thuylao/chonmuctieu.PNG,20,20,8cbe937db99475f7ad91f4b5aca7a9a4ac18221dbfc409bbfcfb2a96cff1c4fa,chonmuctieu
activity_thuylao,thuylao/chonmuctieu.PNG,20,20,8cbe937db99475f7ad91f4b5aca7a9a4ac18221dbfc409bbfcfb2a96cff1c4fa,chonmuctieu
train_combat,thuylao/clickbatdanh.PNG,17,21,65216ebc7ce7aaea10c94ce3dbf5bc49c95a4fa8bd0b846e5da76438c2a2f4c6,clickbatdanh
activity_thuylao,thuylao/clickbatdanh.PNG,17,21,65216ebc7ce7aaea10c94ce3dbf5bc49c95a4fa8bd0b846e5da76438c2a2f4c6,clickbatdanh
activity_thuylao,thuylao/clickkenhtodoi.PNG,42,15,88d5c28740445a67c6af695e5980edd63a074bc3d0f83dd8d0f5df704b76275e,clickkenhtodoi
train_combat,thuylao/clicktatdanh.PNG,22,21,d393b0c192c59104c3c4f2fb5cb2fcca9f181d56190f0287ecc435fef62b7d6b,clicktatdanh
activity_thuylao,thuylao/clicktatdanh.PNG,22,21,d393b0c192c59104c3c4f2fb5cb2fcca9f181d56190f0287ecc435fef62b7d6b,clicktatdanh
activity_thuylao,thuylao/cong1.PNG,26,20,00d096094c26501ab59365cac6fe6e36bf1392ce5b516b0306066bc6af0a51af,cong1
activity_thuylao,thuylao/copt.PNG,12,14,35d823a7f26cbf65ff98c512b9b5c3431b6d45fbd563aec14d6072ca5f62b7b9,copt
activity_thuylao,thuylao/dauthai.PNG,36,13,6b1cc95a267774de0c4afc94a027dc9d32912e8a9a70a4a2f36c7e0e8ec72483,dauthai
activity_thuylao,thuylao/davaodoi.PNG,24,24,8d450ca859b6bf96db36a012a4440822d1d232cd45d90a3dc37ed3b22fcac455,davaodoi
activity_thuylao,thuylao/gietboss.PNG,78,12,e6ca3b6da09caed3a3229ef0d45b61b1371dc30771f4830e305b48a6b3e32a56,gietboss
train_combat,thuylao/hetquai.PNG,48,10,4c1b9dbad9ecfad5eeac950e3a49c7d10a39757126836e5f354f370ad1c4dacf,hetquai
activity_thuylao,thuylao/hetquai.PNG,48,10,4c1b9dbad9ecfad5eeac950e3a49c7d10a39757126836e5f354f370ad1c4dacf,hetquai
train_combat,thuylao/hetquai1.PNG,41,11,713446af09fdfe84f957973d69afcfc7f297c24f76b954a290dc74b241bc2aa4,hetquai1
activity_thuylao,thuylao/hetquai1.PNG,41,11,713446af09fdfe84f957973d69afcfc7f297c24f76b954a290dc74b241bc2aa4,hetquai1
train_combat,thuylao/hetquaiat.PNG,49,7,4e3676b71de6a54ba3cc4a00f51a994d2adeea3c7657e4935883f39c9c60f6d8,hetquaiat
activity_thuylao,thuylao/hetquaiat.PNG,49,7,4e3676b71de6a54ba3cc4a00f51a994d2adeea3c7657e4935883f39c9c60f6d8,hetquaiat
train_combat,thuylao/hetquaiat1.png,47,9,7d70319ee4f3b0d86266c1d23452741d1f39b2fbb29e1400e00ce23d7124a3b4,hetquaiat1
activity_thuylao,thuylao/hetquaiat1.png,47,9,7d70319ee4f3b0d86266c1d23452741d1f39b2fbb29e1400e00ce23d7124a3b4,hetquaiat1
train_combat,thuylao/hetquaiat3.png,34,7,215ef74b7a01f77e14a3a469ee98d1d0284c81a0f82dd9cfe9fe127145ff66c3,hetquaiat3
activity_thuylao,thuylao/hetquaiat3.png,34,7,215ef74b7a01f77e14a3a469ee98d1d0284c81a0f82dd9cfe9fe127145ff66c3,hetquaiat3
activity_actac,thuylao/hoanthanhactac.png,89,7,a36726c186a4a17acdcbc5d054899dfe11afcf78ca351797c8e32455ace43605,hoanthanhactac
activity_thuylao,thuylao/hoanthanhactac.png,89,7,a36726c186a4a17acdcbc5d054899dfe11afcf78ca351797c8e32455ace43605,hoanthanhactac
activity_thuylao,thuylao/huyquanhe.PNG,56,11,f2b0204a1821a792794004aaba89e5b91c00002d44f05359a743abdd3b99bdbe,huyquanhe
activity_thuylao,thuylao/kenhchatpt.PNG,40,14,c4cd183d26a9b64e4e15f42477fe05331f39cb035b07f6dede26f76397ddf1c2,kenhchatpt
activity_thuylao,thuylao/loirathuylao.PNG,32,12,79556f6533279e6b9c02bdc68c51dec5f82a1d94d1e2927891c934daa9c9979f,loirathuylao
activity_thuylao,thuylao/mappk.PNG,41,11,82a237882829a407a22ea9a764e9103abfcdea21951cc103f899bb7681a670ec,mappk
activity_thuylao,thuylao/ngungdanh.PNG,14,13,650e46ca50ec374bc92c9d94a64a51d0421ca0a3ba0587ccfa9a66182f51a02a,ngungdanh
activity_actac,thuylao/pbactac.PNG,61,11,06918af7547392343ea55f7f7898ad251c7203334bb2c3e74f0d1378111ae294,pbactac
activity_thuylao,thuylao/pbactac.PNG,61,11,06918af7547392343ea55f7f7898ad251c7203334bb2c3e74f0d1378111ae294,pbactac
activity_thuylao,thuylao/quakinhho.PNG,60,12,a8b77dd5f48f40573f11be602d8d53447d964601994381c2ba27dfb36158a809,quakinhho
activity_thuylao,thuylao/show1.PNG,21,24,e4cdb102d56034201ad0a6ca4041cd79c7ef8bd1c27ce9adf04bd35ecb153137,show1
activity_thuylao,thuylao/show2.PNG,25,22,aeaa6a14d2d06e3f3572bce82fda1a6c1c056e91e09dc241f702ba269aeb743d,show2
activity_thuylao,thuylao/thuylaovitri1.PNG,38,14,344d74767a3395730b8b8a424f0e7e6197d3a03fc3809c695293e4cf7dc2a227,thuylaovitri1
activity_thuylao,thuylao/thuylaovitri10.PNG,32,13,6f40198ff4d7d491ba8e259c770ee08aa3df7649987952f56753b9aa2fef08d0,thuylaovitri10
activity_thuylao,thuylao/thuylaovitri11.PNG,30,12,dd64fff91f27629f0b2e2eb02b1b171941cc0d01b9621b8569599ba0b4394e79,thuylaovitri11
activity_thuylao,thuylao/thuylaovitri12.PNG,31,13,f0634caeac155f517c22915d7dd0bfbfb5c0b9cf456e961064b1f8d20c36bf4e,thuylaovitri12
activity_thuylao,thuylao/thuylaovitri2.PNG,36,13,c7a4088d6900dad5d9d157b43794c00cff6a88fd4ba8785f3de543a0c74a0e41,thuylaovitri2
activity_thuylao,thuylao/thuylaovitri3.PNG,35,11,c29a76398370020062476edb99861a993dacac5712b51d87ac7ccc0a106de9ab,thuylaovitri3
activity_thuylao,thuylao/thuylaovitri4.PNG,32,14,024d74e6070ec021ef3a2c002236bb7d5ad3f711fb2a5c9060d0b21bebf1e025,thuylaovitri4
activity_thuylao,thuylao/thuylaovitri5.PNG,33,14,2b2f1eb580fce590ac7161b5b0b37834bc3f0810947cb39842add27295d8b90c,thuylaovitri5
activity_thuylao,thuylao/thuylaovitri6.PNG,31,14,a7b7db88cfd0615b247069d574968398052d52ddefeb123ab79dcbfdc2e10bd5,thuylaovitri6
activity_thuylao,thuylao/thuylaovitri7.PNG,26,14,f7d74bf18e80f5bde74b7e55cbb8a01efc63ec84cf8f5b7bea0b75469d43ac99,thuylaovitri7
activity_thuylao,thuylao/thuylaovitri8.PNG,31,13,5221f904aaef56207d308e56ab61d5b0d300645768b649466b52d44471d2c3c2,thuylaovitri8
activity_thuylao,thuylao/thuylaovitri9.PNG,28,14,5cb9ca663e52a5530f346351c44c9a2d301e68530a88882081c14f3c39a899cc,thuylaovitri9
activity_thuylao,thuylao/trangnv.png,96,11,c98f9f8c71e06b3977a09b5b4b2ef519cd07585f4e7242b9435b69334c4d127f,trangnv
activity_actac,thuylao/vitriactac1.PNG,24,26,ac139d301b4c5abc01bd22266c4e36d7c49eeb1579bfe2bb3bb91988503b32d8,vitriactac1
activity_thuylao,thuylao/vitriactac1.PNG,24,26,ac139d301b4c5abc01bd22266c4e36d7c49eeb1579bfe2bb3bb91988503b32d8,vitriactac1
activity_actac,thuylao/vitriactac2.PNG,19,28,edb451d5de0795171c0d7c996e87be0701f64ccf58e913e94e30f1ae7b79ba10,vitriactac2
activity_thuylao,thuylao/vitriactac2.PNG,19,28,edb451d5de0795171c0d7c996e87be0701f64ccf58e913e94e30f1ae7b79ba10,vitriactac2
activity_actac,thuylao/vitriactac3.PNG,25,26,74d8479b53759cc661cb4244b62184b1a636e0e98146318c6e7e0ae693681870,vitriactac3
activity_thuylao,thuylao/vitriactac3.PNG,25,26,74d8479b53759cc661cb4244b62184b1a636e0e98146318c6e7e0ae693681870,vitriactac3
activity_actac,thuylao/vitriactac4.PNG,24,24,2b2b2803c2fff3a290b43df0fa64f0f3ddb94ab95cb36630b53600fe4a4b9fd3,vitriactac4
activity_thuylao,thuylao/vitriactac4.PNG,24,24,2b2b2803c2fff3a290b43df0fa64f0f3ddb94ab95cb36630b53600fe4a4b9fd3,vitriactac4
activity_actac,thuylao/vitriactac5.PNG,30,16,42236909e63fb8fd2e3e15b7f6a882358fdbdd63c30a41c30e5267f1c595a57c,vitriactac5
activity_thuylao,thuylao/vitriactac5.PNG,30,16,42236909e63fb8fd2e3e15b7f6a882358fdbdd63c30a41c30e5267f1c595a57c,vitriactac5
activity_actac,thuylao/vitriactac6.PNG,26,21,2ae9b7a70d19bd5957bd91efe703f2f3d01eddd34d0f05a61d4708741f6f3ff8,vitriactac6
activity_thuylao,thuylao/vitriactac6.PNG,26,21,2ae9b7a70d19bd5957bd91efe703f2f3d01eddd34d0f05a61d4708741f6f3ff8,vitriactac6
activity_actac,thuylao/vitriactac7.PNG,19,28,c11e9803ddf8a23ffcffd7072f70defb6c8cb38c685ec0164ec3a283554d7a49,vitriactac7
activity_thuylao,thuylao/vitriactac7.PNG,19,28,c11e9803ddf8a23ffcffd7072f70defb6c8cb38c685ec0164ec3a283554d7a49,vitriactac7
activity_thuylao,thuylao/x1.PNG,20,20,fe9c5978bf2ab3a9d3dce8ed6fb04f92dad7557139effac50bf1491ad18908a9,x1
activity_thuylao,thuylao/x3.PNG,24,23,bbd422a96647616eb1f7ed397688e3f82bf75cd0940237c6c9f86231558992ce,x3
activity_thuylao,thuylao/xacnhan.PNG,45,12,835bab673233a4f5a2dfa435ba5eaa90e0369d22a69ee523b2e33da6d1b5341d,xacnhan
activity_thuylao,thuylao/xacnhanmap.PNG,43,11,860c7061440dfcddbbde9a4dcf23a9658643d644ec135483f782b5f2c9c61ff7,xacnhanmap
activity_thuylao,thuylao/xbang.PNG,21,20,ec3822b56667cf214525b34124883514e42fa12ad0087dadc519f5d2f9397af2,xbang
activity_thuylao,thuylao/xinvao.PNG,33,13,91e5a6966a239c05bb2d03b6fb4a630d9dba368d53bfa1e74731c33fefd74fe4,xinvao
activity_thuylao,thuylao/xongat.PNG,43,11,8535a1513769b771a89bfc6acdcf489be2c12f47990e10f6d617c88111385d05,xongat
activity_actac,thuylao/xonghdactac.PNG,87,10,14d7778698833e733962c35b1aca2fa3afa4895afab646c57829f64f6aeda2a8,xonghdactac
activity_thuylao,thuylao/xonghdactac.PNG,87,10,14d7778698833e733962c35b1aca2fa3afa4895afab646c57829f64f6aeda2a8,xonghdactac
activity_thuylao,thuylao/xx.PNG,20,21,a3ddfcf24e6b1184a3a3160b80e917e843e2f0c4449d09a7b4390fcd35abf474,xx
travel_navigation,truyen/dihoanglongphu.PNG,76,12,9e8509fcef219a48c51230d89fc91c15d4714c18de4355fdcc69c49d126cc4a9,dihoanglongphu
travel_navigation,truyen/dimieucuong.PNG,55,15,90b97fc1a32cfffd00c778695406b56b9b93bd23ce408762d5ef584c058b8f52,dimieucuong
travel_navigation,truyen/dinamhai.PNG,44,15,317772a7544e6c0e8f0a9f758edcee856643daba04ca43bafcd4650ac698e244,dinamhai
travel_navigation,truyen/dithachlam.PNG,49,14,08dafcdae7c26fbc80dce14ae4f00632ae8f5a96ffdb605f5457a6172c2a9b1e,dithachlam
travel_navigation,truyen/dithaonguyen.PNG,60,14,00c50dfc4022b73fe439f89e960f64afcacd49907f2833b5ce395a2a76fd70e3,dithaonguyen
travel_navigation,truyen/divodi.PNG,31,13,e32830e4981b8e0c9cceb2a497caca2bb62e95f4b542b501acf241b33adc79e0,divodi
travel_navigation,truyen/lieutay.PNG,34,11,07e1ea7358f83702df3f2075a10f8283a84f6a2330a8aaf3316874cb60065e2f,lieutay
travel_navigation,truyen/lieutay1.PNG,25,17,06c37aef22e6ef881eec28358ebbdc235aadcc7796ee1516383dc3a9459df5d4,lieutay1
travel_navigation,truyen/lieutay2.PNG,37,11,31afeca22508f937294d145296fe4c284c87899e9fe03005da354566e958b032,lieutay2
travel_navigation,truyen/lieutay3.PNG,33,11,e581afa9c0773d78cac0858c1888e980fa7b5a42dbaf65a8cc6ffb2124186869,lieutay3
travel_navigation,truyen/mailinh.PNG,40,13,14c0810c3c958ed60bad197eb43717aa603f7a96d99b7c64751e0fa8ca425f48,mailinh
travel_navigation,truyen/mailinh1.PNG,30,13,47768ac4f27df7647c999cd48648c9dc4e407cff533d3bea28802fa25a3208ff,mailinh1
travel_navigation,truyen/mailinh2.PNG,35,12,352ad214229bc406856109b67d756ea41a4cc9493c40807cc91285ae7f372082,mailinh2
travel_navigation,truyen/maplieutay.PNG,34,13,959532b7e22f888320775761e500a078fe4024557fd96539b2632c5c00dde0a7,maplieutay
travel_navigation,truyen/mapmailinh.PNG,33,11,39456777dbea814305544bbb9f6ac56b1118af4826622fe5d40c56eefde0e6f5,mapmailinh
travel_navigation,truyen/mapnamhai.PNG,36,12,c155c978b57979a19ba780e9b0dfca8e4c156fd3a892b2804eadfe58b1a8cb36,mapnamhai
travel_navigation,truyen/mapngockhe.PNG,35,11,eaae34a8f758f6027cc179c7a153fd6b06a4901935b33e2feb41b158cb8ae6d8,mapngockhe
travel_navigation,truyen/mapthachlam.PNG,38,12,70f94e7793be7872e67ebc9ece18249277d3d96db50137749b2a5b01e1f382cd,mapthachlam
travel_navigation,truyen/namhai.PNG,40,12,079234adf449be54f00e18b7dedd55f2b72025dbef0072b82b69b1dde323ead2,namhai
travel_navigation,truyen/namhai1.PNG,40,10,d0cb34f5d3493abce46bfc3a00c77984caa1770a05b271eb02a7b070ad704392,namhai1
travel_navigation,truyen/namhai2.PNG,36,11,42ac5582ec32d34ba8ea5cd51753002b4fc762a151fbb51bbea6ba40d2d8a98c,namhai2
travel_navigation,truyen/ngockhe.PNG,45,11,71f150fca48c86ba086d659b21658ab8c54abea81289597b695c7ff0ebe1d58d,ngockhe
travel_navigation,truyen/ngockhe1.PNG,32,13,7713918241786adff4715007e265dbd6dfef3ebd31f595f97bbab1ead045a4df,ngockhe1
travel_navigation,truyen/ngockhe2.PNG,38,11,691e76f88dbe203322dbd41c66b8eedaf700b7577b0916a27363a5a18bcb4974,ngockhe2
travel_navigation,truyen/thachlam.PNG,52,12,9612a746d4cc7c5566ce384b7869adbef6ff0fd835def7d74548df3b1c8e978a,thachlam
travel_navigation,truyen/thachlam1.PNG,29,13,0d8941d5a8fea2bad297596832e0d93c247ee1a31d9919c0e6780c85e3998594,thachlam1
travel_navigation,truyen/vodi.PNG,31,14,f15964bae764e83c87dd1630f5fa08b316bde171ad87a3947faf2a02592d35f7,vodi
